,rewardSum,profit,guessedRightCnt,guessedWrongCnt,skipCnt,guessCnt
0,0.0,-18.0,0.0,0.0,3.0,76.0
1,0.0,0.0,0.0,0.0,1.0,6.0
2,-1.0,0.0,0.0,1.0,0.0,1.0
3,0.0,61.0,0.0,0.0,6.0,31.0
4,0.0,0.0,0.0,0.0,2.0,6.0
5,0.0,15.0,0.0,0.0,2.0,73.0
6,0.0,35.0,0.0,0.0,0.0,71.0
7,0.0,-17.0,0.0,0.0,1.0,36.0
8,0.0,55.0,0.0,0.0,3.0,28.0
9,0.0,0.0,0.0,0.0,2.0,6.0
10,1.0,10.0,1.0,0.0,1.0,71.0
11,0.0,31.0,0.0,0.0,3.0,78.0
12,0.0,8.0,0.0,0.0,3.0,65.0
13,0.0,12.0,0.0,0.0,3.0,79.0
14,0.0,19.0,0.0,0.0,0.0,73.0
15,0.0,32.0,0.0,0.0,2.0,48.0
16,0.0,25.0,0.0,0.0,2.0,80.0
17,0.0,18.0,0.0,0.0,1.0,38.0
18,0.0,26.0,0.0,0.0,2.0,41.0
19,0.0,-17.0,0.0,0.0,1.0,11.0
20,0.0,-11.0,0.0,0.0,3.0,74.0
21,0.0,-26.0,0.0,0.0,1.0,17.0
22,0.0,-17.0,0.0,0.0,2.0,76.0
23,0.0,37.0,0.0,0.0,1.0,7.0
24,0.0,-24.0,0.0,0.0,1.0,5.0
25,0.0,-21.0,0.0,0.0,2.0,80.0
26,0.0,4.0,0.0,0.0,3.0,42.0
27,0.0,-27.0,0.0,0.0,3.0,51.0
28,0.0,-27.0,0.0,0.0,1.0,16.0
29,0.0,48.0,0.0,0.0,1.0,71.0
30,0.0,0.0,0.0,0.0,1.0,3.0
31,0.0,0.0,0.0,0.0,1.0,4.0
32,0.0,27.0,0.0,0.0,3.0,72.0
33,0.0,-39.0,0.0,0.0,3.0,65.0
34,0.0,26.0,0.0,0.0,2.0,72.0
35,0.0,18.0,0.0,0.0,1.0,21.0
36,0.0,23.0,0.0,0.0,1.0,34.0
37,0.0,-28.0,0.0,0.0,1.0,29.0
38,0.0,0.0,0.0,0.0,1.0,7.0
39,0.0,-12.0,0.0,0.0,3.0,71.0
40,0.0,-22.0,0.0,0.0,4.0,71.0
41,0.0,-22.0,0.0,0.0,1.0,39.0
42,0.0,29.0,0.0,0.0,5.0,20.0
43,0.0,0.0,0.0,0.0,1.0,6.0
44,0.0,-16.0,0.0,0.0,1.0,57.0
45,0.0,-23.0,0.0,0.0,1.0,6.0
46,0.0,24.0,0.0,0.0,0.0,77.0
47,0.0,22.0,0.0,0.0,1.0,26.0
48,0.0,24.0,0.0,0.0,0.0,74.0
49,0.0,56.0,0.0,0.0,3.0,26.0
50,0.0,62.0,0.0,0.0,6.0,29.0
51,0.0,16.0,0.0,0.0,3.0,78.0
52,0.0,-26.0,0.0,0.0,1.0,23.0
53,0.0,15.0,0.0,0.0,2.0,4.0
54,0.0,22.0,0.0,0.0,4.0,79.0
55,0.0,26.0,0.0,0.0,1.0,29.0
56,0.0,0.0,0.0,0.0,1.0,3.0
57,0.0,30.0,0.0,0.0,3.0,73.0
58,0.0,-5.0,0.0,0.0,4.0,24.0
59,0.0,19.0,0.0,0.0,1.0,11.0
60,0.0,20.0,0.0,0.0,0.0,71.0
61,0.0,-1.0,0.0,0.0,2.0,76.0
62,0.0,-4.0,0.0,0.0,2.0,71.0
63,0.0,-19.0,0.0,0.0,2.0,79.0
64,0.0,-24.0,0.0,0.0,2.0,75.0
65,-1.0,-2.0,0.0,1.0,5.0,29.0
66,0.0,24.0,0.0,0.0,0.0,72.0
67,0.0,14.0,0.0,0.0,2.0,15.0
68,0.0,0.0,0.0,0.0,2.0,7.0
69,0.0,-20.0,0.0,0.0,3.0,11.0
70,0.0,19.0,0.0,0.0,3.0,75.0
71,0.0,-29.0,0.0,0.0,3.0,80.0
72,-1.0,5.0,0.0,1.0,2.0,71.0
73,0.0,-16.0,0.0,0.0,1.0,56.0
74,0.0,0.0,0.0,0.0,1.0,1.0
75,0.0,12.0,0.0,0.0,1.0,15.0
76,0.0,24.0,0.0,0.0,5.0,75.0
77,0.0,-26.0,0.0,0.0,2.0,31.0
78,0.0,5.0,0.0,0.0,2.0,44.0
79,0.0,-9.0,0.0,0.0,1.0,72.0
80,0.0,0.0,0.0,0.0,1.0,2.0
81,0.0,12.0,0.0,0.0,2.0,73.0
82,-1.0,5.0,0.0,1.0,2.0,72.0
83,0.0,-18.0,0.0,0.0,2.0,80.0
84,0.0,18.0,0.0,0.0,3.0,74.0
85,1.0,-25.0,1.0,0.0,1.0,30.0
86,0.0,19.0,0.0,0.0,1.0,80.0
87,-1.0,44.0,0.0,1.0,2.0,72.0
88,0.0,24.0,0.0,0.0,1.0,18.0
89,0.0,41.0,0.0,0.0,4.0,46.0
90,0.0,56.0,0.0,0.0,4.0,31.0
91,0.0,9.0,0.0,0.0,2.0,77.0
92,0.0,-22.0,0.0,0.0,4.0,61.0
93,0.0,24.0,0.0,0.0,3.0,44.0
94,0.0,-21.0,0.0,0.0,4.0,79.0
95,-1.0,-17.0,0.0,1.0,3.0,41.0
96,1.0,2.0,1.0,0.0,1.0,76.0
97,0.0,40.0,0.0,0.0,6.0,23.0
98,0.0,62.0,0.0,0.0,8.0,42.0
99,0.0,12.0,0.0,0.0,0.0,72.0
100,0.0,24.0,0.0,0.0,0.0,73.0
101,0.0,16.0,0.0,0.0,2.0,79.0
102,0.0,39.0,0.0,0.0,2.0,75.0
103,0.0,1.0,0.0,0.0,2.0,77.0
104,0.0,12.0,0.0,0.0,0.0,74.0
105,0.0,41.0,0.0,0.0,1.0,16.0
106,0.0,26.0,0.0,0.0,1.0,29.0
107,0.0,0.0,0.0,0.0,2.0,77.0
108,0.0,-2.0,0.0,0.0,2.0,79.0
109,0.0,20.0,0.0,0.0,0.0,80.0
110,0.0,-28.0,0.0,0.0,2.0,16.0
111,0.0,43.0,0.0,0.0,4.0,32.0
112,0.0,-36.0,0.0,0.0,4.0,64.0
113,0.0,-18.0,0.0,0.0,2.0,78.0
114,0.0,-29.0,0.0,0.0,1.0,22.0
115,0.0,3.0,0.0,0.0,5.0,77.0
116,1.0,-30.0,1.0,0.0,4.0,59.0
117,0.0,28.0,0.0,0.0,0.0,75.0
118,0.0,54.0,0.0,0.0,3.0,30.0
119,0.0,-16.0,0.0,0.0,2.0,72.0
120,0.0,18.0,0.0,0.0,1.0,4.0
121,0.0,35.0,0.0,0.0,4.0,48.0
122,0.0,0.0,0.0,0.0,1.0,7.0
123,0.0,0.0,0.0,0.0,0.0,1.0
124,0.0,0.0,0.0,0.0,1.0,7.0
125,0.0,26.0,0.0,0.0,0.0,72.0
126,0.0,27.0,0.0,0.0,3.0,74.0
127,0.0,-27.0,0.0,0.0,5.0,60.0
128,0.0,-31.0,0.0,0.0,3.0,43.0
129,0.0,-22.0,0.0,0.0,1.0,38.0
130,0.0,20.0,0.0,0.0,0.0,74.0
131,0.0,6.0,0.0,0.0,2.0,57.0
132,0.0,3.0,0.0,0.0,2.0,73.0
133,0.0,0.0,0.0,0.0,1.0,7.0
134,-1.0,0.0,0.0,1.0,0.0,1.0
135,0.0,27.0,0.0,0.0,3.0,78.0
136,-1.0,-7.0,0.0,1.0,2.0,15.0
137,0.0,16.0,0.0,0.0,2.0,14.0
138,0.0,34.0,0.0,0.0,0.0,73.0
139,0.0,0.0,0.0,0.0,1.0,1.0
140,0.0,18.0,0.0,0.0,2.0,78.0
141,0.0,32.0,0.0,0.0,4.0,60.0
142,-1.0,0.0,0.0,1.0,0.0,4.0
143,0.0,-1.0,0.0,0.0,5.0,29.0
144,0.0,-15.0,0.0,0.0,1.0,58.0
145,0.0,22.0,0.0,0.0,2.0,73.0
146,0.0,-21.0,0.0,0.0,3.0,13.0
147,0.0,0.0,0.0,0.0,2.0,10.0
148,-1.0,0.0,0.0,1.0,0.0,1.0
149,0.0,-30.0,0.0,0.0,1.0,12.0
150,0.0,9.0,0.0,0.0,2.0,72.0
151,0.0,-11.0,0.0,0.0,4.0,17.0
152,0.0,25.0,0.0,0.0,2.0,72.0
153,0.0,19.0,0.0,0.0,1.0,12.0
154,0.0,23.0,0.0,0.0,1.0,42.0
155,0.0,-32.0,0.0,0.0,2.0,78.0
156,0.0,-16.0,0.0,0.0,3.0,80.0
157,0.0,0.0,0.0,0.0,1.0,1.0
158,0.0,62.0,0.0,0.0,6.0,29.0
159,0.0,31.0,0.0,0.0,5.0,18.0
160,0.0,19.0,0.0,0.0,2.0,49.0
161,0.0,-19.0,0.0,0.0,1.0,32.0
162,0.0,24.0,0.0,0.0,4.0,78.0
163,0.0,-13.0,0.0,0.0,3.0,80.0
164,0.0,55.0,0.0,0.0,3.0,32.0
165,0.0,37.0,0.0,0.0,4.0,47.0
166,0.0,29.0,0.0,0.0,2.0,75.0
167,0.0,21.0,0.0,0.0,2.0,79.0
168,0.0,24.0,0.0,0.0,1.0,43.0
169,-1.0,0.0,0.0,1.0,0.0,5.0
170,0.0,-29.0,0.0,0.0,2.0,74.0
171,1.0,61.0,1.0,0.0,7.0,37.0
172,0.0,21.0,0.0,0.0,2.0,80.0
173,-1.0,56.0,0.0,1.0,3.0,32.0
174,0.0,14.0,0.0,0.0,3.0,78.0
175,0.0,27.0,0.0,0.0,3.0,76.0
176,0.0,-25.0,0.0,0.0,1.0,17.0
177,0.0,-27.0,0.0,0.0,3.0,50.0
178,0.0,-18.0,0.0,0.0,1.0,59.0
179,0.0,39.0,0.0,0.0,4.0,46.0
180,0.0,23.0,0.0,0.0,0.0,79.0
181,0.0,-22.0,0.0,0.0,2.0,74.0
182,0.0,-24.0,0.0,0.0,2.0,33.0
183,0.0,10.0,0.0,0.0,3.0,71.0
184,0.0,-24.0,0.0,0.0,2.0,71.0
185,0.0,26.0,0.0,0.0,3.0,72.0
186,0.0,18.0,0.0,0.0,2.0,32.0
187,-1.0,20.0,0.0,1.0,1.0,42.0
188,0.0,-24.0,0.0,0.0,2.0,11.0
189,0.0,24.0,0.0,0.0,1.0,15.0
190,0.0,-20.0,0.0,0.0,2.0,77.0
191,0.0,45.0,0.0,0.0,1.0,14.0
192,-1.0,32.0,0.0,1.0,3.0,8.0
193,0.0,8.0,0.0,0.0,3.0,64.0
194,0.0,-22.0,0.0,0.0,3.0,79.0
195,0.0,3.0,0.0,0.0,2.0,72.0
196,0.0,63.0,0.0,0.0,9.0,44.0
197,0.0,37.0,0.0,0.0,1.0,7.0
198,0.0,5.0,0.0,0.0,3.0,63.0
199,0.0,19.0,0.0,0.0,1.0,5.0
200,0.0,-24.0,0.0,0.0,3.0,46.0
201,0.0,19.0,0.0,0.0,1.0,23.0
202,0.0,19.0,0.0,0.0,2.0,77.0
203,0.0,34.0,0.0,0.0,0.0,77.0
204,0.0,14.0,0.0,0.0,3.0,77.0
205,0.0,-14.0,0.0,0.0,1.0,50.0
206,0.0,0.0,0.0,0.0,1.0,3.0
207,0.0,-19.0,0.0,0.0,1.0,47.0
208,0.0,32.0,0.0,0.0,6.0,24.0
209,0.0,28.0,0.0,0.0,3.0,76.0
210,0.0,22.0,0.0,0.0,0.0,75.0
211,-1.0,24.0,0.0,1.0,5.0,16.0
212,0.0,65.0,0.0,0.0,9.0,39.0
213,0.0,3.0,0.0,0.0,3.0,55.0
214,0.0,35.0,0.0,0.0,4.0,61.0
215,0.0,35.0,0.0,0.0,0.0,77.0
216,0.0,0.0,0.0,0.0,1.0,3.0
217,0.0,-4.0,0.0,0.0,2.0,48.0
218,0.0,33.0,0.0,0.0,0.0,76.0
219,0.0,0.0,0.0,0.0,1.0,2.0
220,-1.0,44.0,0.0,1.0,2.0,74.0
221,0.0,50.0,0.0,0.0,1.0,71.0
222,0.0,0.0,0.0,0.0,1.0,3.0
223,0.0,19.0,0.0,0.0,2.0,71.0
224,0.0,0.0,0.0,0.0,1.0,6.0
225,0.0,-18.0,0.0,0.0,1.0,7.0
226,2.0,233554.0,3.0,1.0,1.0,50.0
227,0.0,-536.0,2.0,2.0,0.0,20.0
228,1.0,527893.0,2.0,1.0,0.0,74.0
229,0.0,592535.0,1.0,1.0,0.0,74.0
230,0.0,598505.0,1.0,1.0,0.0,72.0
231,-3.0,419597.0,0.0,3.0,1.0,60.0
232,0.0,1100094.0,0.0,0.0,1.0,76.0
233,-1.0,932572.0,0.0,1.0,0.0,69.0
234,1.0,20.0,1.0,0.0,0.0,11.0
235,-2.0,8511.0,2.0,4.0,0.0,26.0
236,1.0,34.0,1.0,0.0,0.0,11.0
237,0.0,57585.0,0.0,0.0,1.0,77.0
238,0.0,0.0,0.0,0.0,1.0,3.0
239,0.0,0.0,0.0,0.0,1.0,1.0
240,0.0,0.0,0.0,0.0,0.0,1.0
241,-2.0,389278.0,0.0,2.0,1.0,76.0
242,0.0,340980.0,2.0,2.0,0.0,70.0
243,0.0,1107135.0,0.0,0.0,1.0,78.0
244,1.0,570062.0,2.0,1.0,0.0,74.0
245,0.0,0.0,0.0,0.0,2.0,2.0
246,1.0,47.0,1.0,0.0,0.0,12.0
247,0.0,162994.0,1.0,1.0,0.0,56.0
248,-1.0,280000.0,1.0,2.0,2.0,59.0
249,0.0,-40.0,0.0,0.0,3.0,70.0
250,0.0,19.0,0.0,0.0,1.0,8.0
251,0.0,9.0,0.0,0.0,3.0,79.0
252,0.0,18.0,0.0,0.0,1.0,26.0
253,1.0,0.0,1.0,0.0,0.0,10.0
254,0.0,19.0,0.0,0.0,0.0,75.0
255,0.0,25.0,0.0,0.0,1.0,74.0
256,0.0,-24.0,0.0,0.0,4.0,72.0
257,0.0,0.0,0.0,0.0,1.0,2.0
258,0.0,25.0,0.0,0.0,1.0,32.0
259,0.0,8.0,0.0,0.0,3.0,66.0
260,0.0,33.0,0.0,0.0,0.0,79.0
261,0.0,3.0,0.0,0.0,3.0,53.0
262,0.0,29.0,0.0,0.0,0.0,74.0
263,0.0,26.0,0.0,0.0,0.0,73.0
264,0.0,-17.0,0.0,0.0,1.0,39.0
265,0.0,11.0,0.0,0.0,2.0,76.0
266,0.0,-24.0,0.0,0.0,1.0,14.0
267,0.0,-27.0,0.0,0.0,4.0,39.0
268,0.0,-25.0,0.0,0.0,1.0,9.0
269,0.0,-20.0,0.0,0.0,4.0,55.0
270,0.0,21.0,0.0,0.0,2.0,75.0
271,0.0,0.0,0.0,0.0,1.0,5.0
272,0.0,-16.0,0.0,0.0,1.0,53.0
273,-1.0,0.0,0.0,1.0,0.0,7.0
274,0.0,0.0,0.0,0.0,1.0,1.0
275,1.0,10.0,1.0,0.0,2.0,78.0
276,0.0,13.0,0.0,0.0,1.0,14.0
277,0.0,19.0,0.0,0.0,1.0,13.0
278,0.0,-15.0,0.0,0.0,2.0,75.0
279,0.0,1.0,0.0,0.0,3.0,77.0
280,0.0,0.0,0.0,0.0,1.0,1.0
281,0.0,17.0,0.0,0.0,1.0,79.0
282,0.0,4.0,0.0,0.0,2.0,72.0
283,0.0,0.0,0.0,0.0,1.0,7.0
284,-1.0,7.0,0.0,1.0,1.0,73.0
285,0.0,59.0,0.0,0.0,7.0,34.0
286,0.0,-24.0,0.0,0.0,1.0,15.0
287,0.0,-5.0,0.0,0.0,4.0,22.0
288,0.0,0.0,0.0,0.0,1.0,2.0
289,0.0,33.0,0.0,0.0,0.0,71.0
290,0.0,-20.0,0.0,0.0,3.0,77.0
291,-1.0,0.0,0.0,1.0,1.0,9.0
292,0.0,-16.0,0.0,0.0,1.0,47.0
293,0.0,-13.0,0.0,0.0,3.0,77.0
294,0.0,26.0,0.0,0.0,2.0,24.0
295,0.0,26.0,0.0,0.0,2.0,80.0
296,0.0,-23.0,0.0,0.0,1.0,7.0
297,0.0,61.0,0.0,0.0,7.0,29.0
298,0.0,-30.0,0.0,0.0,3.0,46.0
299,0.0,18.0,0.0,0.0,2.0,60.0
300,0.0,0.0,0.0,0.0,1.0,1.0
301,0.0,0.0,0.0,0.0,1.0,4.0
302,0.0,0.0,0.0,0.0,2.0,47.0
303,0.0,32.0,0.0,0.0,5.0,23.0
304,0.0,-36.0,0.0,0.0,3.0,65.0
305,0.0,-23.0,0.0,0.0,3.0,57.0
306,0.0,-30.0,0.0,0.0,1.0,14.0
307,0.0,17.0,0.0,0.0,0.0,72.0
308,0.0,41.0,0.0,0.0,1.0,17.0
309,0.0,-18.0,0.0,0.0,2.0,30.0
310,0.0,-3.0,0.0,0.0,2.0,75.0
311,0.0,0.0,0.0,0.0,1.0,1.0
312,0.0,42.0,0.0,0.0,2.0,15.0
313,0.0,-13.0,0.0,0.0,2.0,79.0
314,0.0,23.0,0.0,0.0,0.0,80.0
315,0.0,16.0,0.0,0.0,3.0,77.0
316,0.0,-17.0,0.0,0.0,2.0,72.0
317,0.0,-2.0,0.0,0.0,2.0,78.0
318,0.0,-8.0,0.0,0.0,2.0,72.0
319,0.0,-17.0,0.0,0.0,3.0,75.0
320,2.0,41.0,2.0,0.0,1.0,11.0
321,1.0,44186.0,1.0,0.0,1.0,36.0
322,1.0,140844.0,1.0,0.0,0.0,75.0
323,0.0,1056752.0,0.0,0.0,0.0,73.0
324,0.0,0.0,0.0,0.0,1.0,6.0
325,0.0,0.0,0.0,0.0,0.0,1.0
326,1.0,598297.0,1.0,0.0,1.0,78.0
327,2.0,595222.0,2.0,0.0,0.0,77.0
328,-1.0,-17.0,0.0,1.0,0.0,4.0
329,-2.0,435935.0,0.0,2.0,0.0,77.0
330,-1.0,-17.0,0.0,1.0,0.0,7.0
331,-1.0,340308.0,0.0,1.0,0.0,45.0
332,1.0,159.0,1.0,0.0,0.0,19.0
333,-1.0,-1285.0,0.0,1.0,0.0,23.0
334,-1.0,-219.0,0.0,1.0,0.0,21.0
335,0.0,98557.0,1.0,1.0,0.0,73.0
336,2.0,290339.0,3.0,1.0,0.0,54.0
337,2.0,462628.0,2.0,0.0,0.0,71.0
338,0.0,416849.0,1.0,1.0,0.0,73.0
339,0.0,45826.0,1.0,1.0,0.0,35.0
340,0.0,376782.0,2.0,2.0,0.0,73.0
341,1.0,477485.0,2.0,1.0,0.0,80.0
342,1.0,0.0,1.0,0.0,1.0,9.0
343,0.0,0.0,0.0,0.0,1.0,2.0
344,0.0,0.0,0.0,0.0,0.0,1.0
345,0.0,20.0,0.0,0.0,2.0,78.0
346,0.0,27.0,0.0,0.0,4.0,79.0
347,0.0,-4.0,0.0,0.0,4.0,79.0
348,0.0,-26.0,0.0,0.0,2.0,33.0
349,0.0,-24.0,0.0,0.0,1.0,8.0
350,0.0,-15.0,0.0,0.0,3.0,76.0
351,0.0,48.0,0.0,0.0,1.0,75.0
352,0.0,-25.0,0.0,0.0,1.0,14.0
353,0.0,-25.0,0.0,0.0,2.0,14.0
354,0.0,0.0,0.0,0.0,1.0,5.0
355,0.0,26.0,0.0,0.0,2.0,66.0
356,0.0,61.0,0.0,0.0,4.0,35.0
357,0.0,23.0,0.0,0.0,2.0,59.0
358,-1.0,12.0,0.0,1.0,2.0,61.0
359,0.0,18.0,0.0,0.0,1.0,74.0
360,1.0,20.0,1.0,0.0,1.0,7.0
361,0.0,10.0,0.0,0.0,2.0,72.0
362,0.0,4.0,0.0,0.0,2.0,46.0
363,0.0,-12.0,0.0,0.0,2.0,77.0
364,0.0,27.0,0.0,0.0,2.0,80.0
365,0.0,-28.0,0.0,0.0,1.0,17.0
366,0.0,22.0,0.0,0.0,2.0,68.0
367,0.0,12.0,0.0,0.0,2.0,80.0
368,0.0,37.0,0.0,0.0,4.0,46.0
369,0.0,23.0,0.0,0.0,0.0,80.0
370,0.0,27.0,0.0,0.0,3.0,76.0
371,0.0,18.0,0.0,0.0,1.0,8.0
372,0.0,-16.0,0.0,0.0,1.0,60.0
373,0.0,-33.0,0.0,0.0,2.0,21.0
374,0.0,-23.0,0.0,0.0,1.0,9.0
375,0.0,-18.0,0.0,0.0,2.0,77.0
376,0.0,-22.0,0.0,0.0,1.0,10.0
377,0.0,38.0,0.0,0.0,1.0,11.0
378,1.0,0.0,1.0,0.0,0.0,7.0
379,0.0,26.0,0.0,0.0,3.0,80.0
380,0.0,-20.0,0.0,0.0,3.0,80.0
381,0.0,-26.0,0.0,0.0,2.0,15.0
382,0.0,23.0,0.0,0.0,1.0,22.0
383,0.0,-16.0,0.0,0.0,1.0,54.0
384,0.0,-3.0,0.0,0.0,2.0,80.0
385,0.0,-31.0,0.0,0.0,3.0,48.0
386,0.0,29.0,0.0,0.0,3.0,78.0
387,0.0,32.0,0.0,0.0,5.0,58.0
388,0.0,0.0,0.0,0.0,1.0,2.0
389,0.0,0.0,0.0,0.0,1.0,5.0
390,0.0,45.0,0.0,0.0,1.0,15.0
391,0.0,0.0,0.0,0.0,1.0,2.0
392,0.0,-22.0,0.0,0.0,1.0,69.0
393,0.0,-10.0,0.0,0.0,2.0,76.0
394,0.0,65.0,0.0,0.0,10.0,47.0
395,0.0,24.0,0.0,0.0,2.0,78.0
396,0.0,-22.0,0.0,0.0,3.0,49.0
397,0.0,-22.0,0.0,0.0,1.0,69.0
398,0.0,-14.0,0.0,0.0,1.0,60.0
399,0.0,-2.0,0.0,0.0,2.0,80.0
400,0.0,18.0,0.0,0.0,1.0,27.0
401,0.0,0.0,0.0,0.0,1.0,2.0
402,1.0,0.0,1.0,0.0,1.0,5.0
403,0.0,22.0,0.0,0.0,2.0,68.0
404,0.0,-12.0,0.0,0.0,1.0,54.0
405,1.0,-30.0,1.0,0.0,2.0,71.0
406,0.0,-22.0,0.0,0.0,3.0,17.0
407,0.0,12.0,0.0,0.0,2.0,71.0
408,0.0,16.0,0.0,0.0,2.0,71.0
409,0.0,-27.0,0.0,0.0,2.0,17.0
410,0.0,24.0,0.0,0.0,0.0,74.0
411,0.0,-31.0,0.0,0.0,3.0,42.0
412,0.0,33.0,0.0,0.0,1.0,71.0
413,0.0,41.0,0.0,0.0,1.0,76.0
414,0.0,37.0,0.0,0.0,2.0,78.0
415,-1.0,24.0,0.0,1.0,3.0,15.0
416,0.0,38.0,0.0,0.0,4.0,55.0
417,0.0,44.0,0.0,0.0,5.0,49.0
418,0.0,5.0,0.0,0.0,1.0,79.0
419,0.0,0.0,0.0,0.0,1.0,2.0
420,0.0,22.0,0.0,0.0,2.0,55.0
421,0.0,17.0,0.0,0.0,2.0,77.0
422,0.0,-4.0,0.0,0.0,5.0,26.0
423,1.0,-25.0,1.0,0.0,1.0,35.0
424,0.0,4.0,0.0,0.0,2.0,51.0
425,0.0,0.0,0.0,0.0,1.0,7.0
426,0.0,-22.0,0.0,0.0,1.0,27.0
427,0.0,-25.0,0.0,0.0,1.0,17.0
428,0.0,-22.0,0.0,0.0,2.0,74.0
429,1.0,20.0,1.0,0.0,4.0,15.0
430,0.0,26.0,0.0,0.0,3.0,76.0
431,0.0,-6.0,0.0,0.0,4.0,21.0
432,0.0,7.0,0.0,0.0,3.0,74.0
433,0.0,-2.0,0.0,0.0,2.0,71.0
434,1.0,-30.0,1.0,0.0,2.0,75.0
435,0.0,12.0,0.0,0.0,0.0,71.0
436,0.0,43.0,0.0,0.0,1.0,19.0
437,0.0,-13.0,0.0,0.0,2.0,78.0
438,0.0,-20.0,0.0,0.0,1.0,25.0
439,1.0,-9.0,1.0,0.0,2.0,76.0
440,0.0,22.0,0.0,0.0,1.0,16.0
441,0.0,-25.0,0.0,0.0,1.0,18.0
442,0.0,27.0,0.0,0.0,2.0,78.0
443,0.0,-35.0,0.0,0.0,3.0,67.0
444,0.0,-25.0,0.0,0.0,1.0,16.0
445,0.0,-24.0,0.0,0.0,1.0,7.0
446,0.0,-2.0,0.0,0.0,2.0,73.0
447,0.0,14.0,0.0,0.0,0.0,79.0
448,0.0,23.0,0.0,0.0,1.0,15.0
449,0.0,21.0,0.0,0.0,1.0,25.0
450,0.0,-29.0,0.0,0.0,1.0,19.0
451,0.0,18.0,0.0,0.0,1.0,23.0
452,0.0,62.0,0.0,0.0,7.0,41.0
453,0.0,0.0,0.0,0.0,1.0,3.0
454,0.0,27.0,0.0,0.0,3.0,72.0
455,0.0,-1.0,0.0,0.0,4.0,24.0
456,0.0,-28.0,0.0,0.0,2.0,79.0
457,-1.0,0.0,0.0,1.0,0.0,7.0
458,0.0,14.0,0.0,0.0,2.0,78.0
459,0.0,-28.0,0.0,0.0,2.0,71.0
460,0.0,-28.0,0.0,0.0,2.0,29.0
461,0.0,24.0,0.0,0.0,2.0,73.0
462,0.0,26.0,0.0,0.0,1.0,72.0
463,0.0,0.0,0.0,0.0,1.0,6.0
464,0.0,-23.0,0.0,0.0,1.0,9.0
465,0.0,20.0,0.0,0.0,2.0,62.0
466,0.0,29.0,0.0,0.0,3.0,73.0
467,0.0,0.0,0.0,0.0,1.0,7.0
468,-1.0,-7.0,0.0,1.0,2.0,12.0
469,0.0,14.0,0.0,0.0,1.0,74.0
470,0.0,37.0,0.0,0.0,1.0,8.0
471,0.0,-4.0,0.0,0.0,2.0,53.0
472,-1.0,0.0,0.0,1.0,0.0,3.0
473,0.0,7.0,0.0,0.0,3.0,70.0
474,0.0,19.0,0.0,0.0,0.0,75.0
475,0.0,42.0,0.0,0.0,1.0,76.0
476,0.0,0.0,0.0,0.0,1.0,5.0
477,0.0,-24.0,0.0,0.0,2.0,9.0
478,0.0,6.0,0.0,0.0,2.0,56.0
479,0.0,-13.0,0.0,0.0,2.0,74.0
480,0.0,40.0,0.0,0.0,4.0,47.0
481,-1.0,-10.0,0.0,1.0,5.0,27.0
482,0.0,-13.0,0.0,0.0,2.0,72.0
483,0.0,22.0,0.0,0.0,0.0,78.0
484,0.0,18.0,0.0,0.0,1.0,6.0
485,1.0,-17.0,1.0,0.0,1.0,9.0
486,0.0,57.0,0.0,0.0,5.0,24.0
487,1.0,0.0,1.0,0.0,0.0,4.0
488,0.0,3.0,0.0,0.0,2.0,78.0
489,0.0,23.0,0.0,0.0,1.0,80.0
490,0.0,23.0,0.0,0.0,0.0,75.0
491,0.0,25.0,0.0,0.0,1.0,77.0
492,0.0,-24.0,0.0,0.0,1.0,8.0
493,0.0,29.0,0.0,0.0,3.0,75.0
494,0.0,35.0,0.0,0.0,0.0,73.0
495,0.0,-26.0,0.0,0.0,1.0,18.0
496,0.0,14.0,0.0,0.0,2.0,80.0
497,0.0,-35.0,0.0,0.0,1.0,19.0
498,0.0,17.0,0.0,0.0,0.0,71.0
499,0.0,18.0,0.0,0.0,3.0,80.0
500,0.0,-18.0,0.0,0.0,1.0,71.0
501,0.0,4.0,0.0,0.0,3.0,76.0
502,0.0,-3.0,0.0,0.0,2.0,71.0
503,0.0,41.0,0.0,0.0,4.0,39.0
504,0.0,-17.0,0.0,0.0,6.0,32.0
505,0.0,0.0,0.0,0.0,1.0,8.0
506,0.0,0.0,0.0,0.0,0.0,1.0
507,0.0,-27.0,0.0,0.0,4.0,51.0
508,0.0,12.0,0.0,0.0,2.0,20.0
509,0.0,26.0,0.0,0.0,1.0,72.0
510,0.0,1.0,0.0,0.0,2.0,72.0
511,0.0,40.0,0.0,0.0,5.0,48.0
512,0.0,0.0,0.0,0.0,1.0,8.0
513,-1.0,0.0,0.0,1.0,0.0,1.0
514,0.0,32.0,0.0,0.0,0.0,77.0
515,0.0,26.0,0.0,0.0,1.0,37.0
516,0.0,26.0,0.0,0.0,2.0,78.0
517,0.0,-17.0,0.0,0.0,4.0,74.0
518,0.0,62.0,0.0,0.0,7.0,34.0
519,0.0,-36.0,0.0,0.0,3.0,63.0
520,0.0,-20.0,0.0,0.0,2.0,24.0
521,0.0,43.0,0.0,0.0,4.0,44.0
522,0.0,-24.0,0.0,0.0,3.0,77.0
523,0.0,-30.0,0.0,0.0,2.0,75.0
524,0.0,0.0,0.0,0.0,1.0,6.0
525,-1.0,0.0,0.0,1.0,0.0,1.0
526,0.0,22.0,0.0,0.0,0.0,75.0
527,0.0,26.0,0.0,0.0,2.0,72.0
528,0.0,61.0,0.0,0.0,4.0,30.0
529,0.0,14.0,0.0,0.0,1.0,24.0
530,0.0,0.0,0.0,0.0,1.0,4.0
531,0.0,0.0,0.0,0.0,1.0,5.0
532,1.0,0.0,1.0,0.0,0.0,2.0
533,0.0,-24.0,0.0,0.0,4.0,63.0
534,0.0,-17.0,0.0,0.0,4.0,58.0
535,0.0,-12.0,0.0,0.0,1.0,58.0
536,0.0,-27.0,0.0,0.0,2.0,20.0
537,0.0,-25.0,0.0,0.0,1.0,12.0
538,0.0,-25.0,0.0,0.0,1.0,14.0
539,0.0,6.0,0.0,0.0,2.0,39.0
540,0.0,0.0,0.0,0.0,1.0,3.0
541,0.0,-9.0,0.0,0.0,2.0,77.0
542,0.0,18.0,0.0,0.0,1.0,31.0
543,0.0,-19.0,0.0,0.0,1.0,33.0
544,0.0,23.0,0.0,0.0,2.0,12.0
545,0.0,24.0,0.0,0.0,0.0,73.0
546,0.0,26.0,0.0,0.0,2.0,71.0
547,0.0,16.0,0.0,0.0,2.0,73.0
548,0.0,24.0,0.0,0.0,0.0,74.0
549,0.0,-19.0,0.0,0.0,2.0,34.0
550,0.0,34.0,0.0,0.0,4.0,55.0
551,0.0,-20.0,0.0,0.0,4.0,65.0
552,1.0,0.0,1.0,0.0,0.0,2.0
553,0.0,43.0,0.0,0.0,4.0,36.0
554,0.0,1.0,0.0,0.0,3.0,76.0
555,0.0,29.0,0.0,0.0,5.0,17.0
556,0.0,1.0,0.0,0.0,2.0,43.0
557,0.0,4.0,0.0,0.0,3.0,77.0
558,0.0,-24.0,0.0,0.0,1.0,17.0
559,-1.0,0.0,0.0,1.0,0.0,9.0
560,0.0,-23.0,0.0,0.0,3.0,57.0
561,0.0,20.0,0.0,0.0,2.0,78.0
562,0.0,-24.0,0.0,0.0,1.0,14.0
563,0.0,0.0,0.0,0.0,1.0,3.0
564,0.0,27.0,0.0,0.0,2.0,77.0
565,0.0,38.0,0.0,0.0,1.0,80.0
566,0.0,33.0,0.0,0.0,1.0,77.0
567,0.0,22.0,0.0,0.0,2.0,23.0
568,0.0,-22.0,0.0,0.0,2.0,30.0
569,0.0,-11.0,0.0,0.0,3.0,62.0
570,0.0,15.0,0.0,0.0,1.0,79.0
571,0.0,25.0,0.0,0.0,1.0,74.0
572,0.0,15.0,0.0,0.0,2.0,71.0
573,0.0,-1.0,0.0,0.0,4.0,21.0
574,0.0,-24.0,0.0,0.0,2.0,71.0
575,0.0,0.0,0.0,0.0,1.0,5.0
576,0.0,5.0,0.0,0.0,2.0,42.0
577,0.0,-17.0,0.0,0.0,1.0,42.0
578,0.0,-12.0,0.0,0.0,2.0,58.0
579,0.0,23.0,0.0,0.0,0.0,72.0
580,0.0,0.0,0.0,0.0,1.0,8.0
581,0.0,17.0,0.0,0.0,1.0,12.0
582,0.0,6.0,0.0,0.0,2.0,35.0
583,0.0,-16.0,0.0,0.0,3.0,74.0
584,0.0,29.0,0.0,0.0,2.0,71.0
585,0.0,18.0,0.0,0.0,1.0,30.0
586,0.0,0.0,0.0,0.0,1.0,4.0
587,0.0,24.0,0.0,0.0,2.0,75.0
588,0.0,20.0,0.0,0.0,2.0,53.0
589,1.0,0.0,1.0,0.0,0.0,11.0
590,0.0,0.0,0.0,0.0,1.0,2.0
591,0.0,40.0,0.0,0.0,0.0,76.0
592,0.0,18.0,0.0,0.0,2.0,72.0
593,0.0,23.0,0.0,0.0,0.0,78.0
594,0.0,20.0,0.0,0.0,0.0,77.0
595,0.0,9.0,0.0,0.0,2.0,76.0
596,0.0,-23.0,0.0,0.0,2.0,13.0
597,0.0,-6.0,0.0,0.0,2.0,73.0
598,0.0,0.0,0.0,0.0,1.0,2.0
599,0.0,30.0,0.0,0.0,0.0,74.0
600,0.0,-17.0,0.0,0.0,3.0,34.0
601,0.0,-17.0,0.0,0.0,1.0,41.0
602,0.0,3.0,0.0,0.0,2.0,61.0
603,0.0,-27.0,0.0,0.0,2.0,79.0
604,0.0,-31.0,0.0,0.0,4.0,51.0
605,0.0,0.0,0.0,0.0,1.0,1.0
606,0.0,2.0,0.0,0.0,2.0,78.0
607,0.0,-2.0,0.0,0.0,2.0,77.0
608,-1.0,56.0,0.0,1.0,4.0,33.0
609,1.0,20.0,1.0,0.0,4.0,14.0
610,0.0,-17.0,0.0,0.0,6.0,29.0
611,0.0,-22.0,0.0,0.0,2.0,47.0
612,0.0,25.0,0.0,0.0,1.0,45.0
613,0.0,37.0,0.0,0.0,3.0,73.0
614,0.0,-29.0,0.0,0.0,1.0,12.0
615,0.0,23.0,0.0,0.0,0.0,74.0
616,0.0,-3.0,0.0,0.0,2.0,72.0
617,0.0,16.0,0.0,0.0,2.0,71.0
618,0.0,4.0,0.0,0.0,2.0,80.0
619,-1.0,0.0,0.0,1.0,0.0,2.0
620,0.0,30.0,0.0,0.0,1.0,76.0
621,0.0,27.0,0.0,0.0,0.0,71.0
622,0.0,-2.0,0.0,0.0,3.0,77.0
623,0.0,37.0,0.0,0.0,1.0,11.0
624,0.0,41.0,0.0,0.0,1.0,19.0
625,0.0,-23.0,0.0,0.0,2.0,32.0
626,0.0,26.0,0.0,0.0,3.0,78.0
627,0.0,0.0,0.0,0.0,1.0,5.0
628,0.0,19.0,0.0,0.0,0.0,71.0
629,0.0,4.0,0.0,0.0,3.0,79.0
630,0.0,21.0,0.0,0.0,2.0,43.0
631,0.0,61.0,0.0,0.0,5.0,30.0
632,0.0,0.0,0.0,0.0,1.0,4.0
633,0.0,11.0,0.0,0.0,2.0,73.0
634,0.0,-12.0,0.0,0.0,3.0,76.0
635,0.0,1.0,0.0,0.0,3.0,79.0
636,0.0,9.0,0.0,0.0,2.0,71.0
637,0.0,55.0,0.0,0.0,3.0,29.0
638,0.0,23.0,0.0,0.0,1.0,17.0
639,0.0,-16.0,0.0,0.0,1.0,60.0
640,0.0,-24.0,0.0,0.0,1.0,12.0
641,-1.0,-10.0,0.0,1.0,5.0,26.0
642,0.0,21.0,0.0,0.0,1.0,23.0
643,0.0,29.0,0.0,0.0,0.0,71.0
644,0.0,-28.0,0.0,0.0,1.0,8.0
645,0.0,51.0,0.0,0.0,7.0,32.0
646,0.0,-12.0,0.0,0.0,2.0,73.0
647,0.0,33.0,0.0,0.0,0.0,80.0
648,0.0,-24.0,0.0,0.0,1.0,32.0
649,0.0,40.0,0.0,0.0,1.0,10.0
650,0.0,-14.0,0.0,0.0,1.0,51.0
651,0.0,-33.0,0.0,0.0,3.0,46.0
652,0.0,0.0,0.0,0.0,1.0,3.0
653,0.0,-19.0,0.0,0.0,2.0,49.0
654,0.0,-4.0,0.0,0.0,5.0,24.0
655,1.0,61.0,1.0,0.0,7.0,36.0
656,1.0,20.0,1.0,0.0,4.0,11.0
657,0.0,19.0,0.0,0.0,1.0,76.0
658,0.0,23.0,0.0,0.0,1.0,21.0
659,0.0,15.0,0.0,0.0,2.0,80.0
660,0.0,7.0,0.0,0.0,2.0,74.0
661,0.0,23.0,0.0,0.0,3.0,77.0
662,0.0,0.0,0.0,0.0,1.0,2.0
663,0.0,23.0,0.0,0.0,1.0,18.0
664,0.0,3.0,0.0,0.0,3.0,79.0
665,0.0,0.0,0.0,0.0,1.0,8.0
666,0.0,29.0,0.0,0.0,2.0,72.0
667,0.0,-1.0,0.0,0.0,2.0,77.0
668,0.0,21.0,0.0,0.0,1.0,35.0
669,0.0,16.0,0.0,0.0,1.0,73.0
670,0.0,18.0,0.0,0.0,1.0,24.0
671,0.0,-27.0,0.0,0.0,2.0,71.0
672,0.0,-23.0,0.0,0.0,1.0,15.0
673,0.0,37.0,0.0,0.0,3.0,76.0
674,0.0,20.0,0.0,0.0,2.0,34.0
675,0.0,27.0,0.0,0.0,3.0,75.0
676,0.0,18.0,0.0,0.0,1.0,22.0
677,0.0,-27.0,0.0,0.0,1.0,15.0
678,0.0,0.0,0.0,0.0,2.0,3.0
679,0.0,30.0,0.0,0.0,1.0,45.0
680,0.0,0.0,0.0,0.0,1.0,1.0
681,0.0,30.0,0.0,0.0,1.0,79.0
682,0.0,18.0,0.0,0.0,2.0,79.0
683,0.0,33.0,0.0,0.0,0.0,76.0
684,0.0,16.0,0.0,0.0,1.0,10.0
685,0.0,-30.0,0.0,0.0,4.0,46.0
686,0.0,-3.0,0.0,0.0,2.0,80.0
687,0.0,23.0,0.0,0.0,1.0,20.0
688,0.0,-22.0,0.0,0.0,1.0,41.0
689,0.0,24.0,0.0,0.0,2.0,80.0
690,0.0,0.0,0.0,0.0,2.0,46.0
691,0.0,-13.0,0.0,0.0,3.0,71.0
692,0.0,19.0,0.0,0.0,1.0,16.0
693,0.0,23.0,0.0,0.0,1.0,15.0
694,0.0,-17.0,0.0,0.0,7.0,33.0
695,0.0,12.0,0.0,0.0,3.0,74.0
696,0.0,0.0,0.0,0.0,2.0,5.0
697,-1.0,0.0,0.0,1.0,0.0,1.0
698,0.0,-15.0,0.0,0.0,3.0,15.0
699,0.0,-20.0,0.0,0.0,1.0,39.0
700,0.0,-18.0,0.0,0.0,1.0,45.0
701,0.0,31.0,0.0,0.0,3.0,74.0
702,0.0,18.0,0.0,0.0,1.0,30.0
703,0.0,12.0,0.0,0.0,2.0,12.0
704,0.0,-26.0,0.0,0.0,1.0,29.0
705,1.0,47.0,1.0,0.0,2.0,24.0
706,1.0,0.0,1.0,0.0,0.0,11.0
707,0.0,61.0,0.0,0.0,4.0,28.0
708,0.0,40.0,0.0,0.0,4.0,33.0
709,0.0,22.0,0.0,0.0,2.0,74.0
710,0.0,56.0,0.0,0.0,3.0,28.0
711,0.0,0.0,0.0,0.0,1.0,1.0
712,0.0,-21.0,0.0,0.0,1.0,67.0
713,0.0,18.0,0.0,0.0,1.0,26.0
714,0.0,-13.0,0.0,0.0,2.0,72.0
715,0.0,13.0,0.0,0.0,2.0,79.0
716,0.0,8.0,0.0,0.0,4.0,64.0
717,0.0,0.0,0.0,0.0,1.0,1.0
718,0.0,14.0,0.0,0.0,2.0,72.0
719,0.0,-4.0,0.0,0.0,2.0,73.0
720,0.0,-18.0,0.0,0.0,3.0,73.0
721,0.0,24.0,0.0,0.0,2.0,74.0
722,1.0,0.0,1.0,0.0,0.0,9.0
723,0.0,35.0,0.0,0.0,0.0,72.0
724,0.0,-31.0,0.0,0.0,3.0,48.0
725,0.0,20.0,0.0,0.0,2.0,71.0
726,0.0,22.0,0.0,0.0,2.0,80.0
727,0.0,4.0,0.0,0.0,3.0,72.0
728,0.0,30.0,0.0,0.0,3.0,72.0
729,0.0,23.0,0.0,0.0,2.0,24.0
730,0.0,-5.0,0.0,0.0,2.0,77.0
731,0.0,-27.0,0.0,0.0,2.0,20.0
732,0.0,10.0,0.0,0.0,0.0,74.0
733,0.0,0.0,0.0,0.0,1.0,1.0
734,0.0,24.0,0.0,0.0,2.0,68.0
735,0.0,-1.0,0.0,0.0,2.0,76.0
736,0.0,0.0,0.0,0.0,1.0,5.0
737,0.0,0.0,0.0,0.0,0.0,1.0
738,0.0,5.0,0.0,0.0,3.0,69.0
739,0.0,-5.0,0.0,0.0,5.0,25.0
740,0.0,-5.0,0.0,0.0,2.0,48.0
741,1.0,47.0,1.0,0.0,3.0,29.0
742,0.0,42.0,0.0,0.0,1.0,18.0
743,0.0,21.0,0.0,0.0,4.0,71.0
744,0.0,-32.0,0.0,0.0,1.0,19.0
745,0.0,24.0,0.0,0.0,1.0,34.0
746,0.0,18.0,0.0,0.0,2.0,71.0
747,0.0,-2.0,0.0,0.0,2.0,72.0
748,0.0,-25.0,0.0,0.0,1.0,6.0
749,0.0,0.0,0.0,0.0,1.0,7.0
750,0.0,14.0,0.0,0.0,2.0,73.0
751,0.0,-24.0,0.0,0.0,2.0,8.0
752,0.0,18.0,0.0,0.0,1.0,28.0
753,0.0,0.0,0.0,0.0,1.0,2.0
754,0.0,30.0,0.0,0.0,0.0,71.0
755,0.0,-26.0,0.0,0.0,2.0,34.0
756,0.0,7.0,0.0,0.0,2.0,72.0
757,1.0,4.0,1.0,0.0,1.0,75.0
758,0.0,15.0,0.0,0.0,0.0,79.0
759,0.0,18.0,0.0,0.0,2.0,21.0
760,0.0,14.0,0.0,0.0,2.0,72.0
761,0.0,16.0,0.0,0.0,4.0,78.0
762,0.0,0.0,0.0,0.0,3.0,80.0
763,0.0,-27.0,0.0,0.0,3.0,48.0
764,0.0,19.0,0.0,0.0,2.0,78.0
765,0.0,21.0,0.0,0.0,2.0,74.0
766,0.0,61.0,0.0,0.0,5.0,33.0
767,0.0,-26.0,0.0,0.0,2.0,34.0
768,0.0,23.0,0.0,0.0,1.0,24.0
769,0.0,38.0,0.0,0.0,4.0,40.0
770,0.0,31.0,0.0,0.0,1.0,47.0
771,0.0,-27.0,0.0,0.0,3.0,53.0
772,0.0,26.0,0.0,0.0,1.0,79.0
773,0.0,28.0,0.0,0.0,2.0,34.0
774,0.0,-29.0,0.0,0.0,1.0,13.0
775,0.0,12.0,0.0,0.0,4.0,75.0
776,0.0,0.0,0.0,0.0,1.0,4.0
777,0.0,0.0,0.0,0.0,1.0,2.0
778,0.0,-27.0,0.0,0.0,2.0,73.0
779,0.0,0.0,0.0,0.0,1.0,5.0
780,0.0,-21.0,0.0,0.0,1.0,68.0
781,0.0,24.0,0.0,0.0,1.0,76.0
782,0.0,21.0,0.0,0.0,4.0,76.0
783,0.0,40.0,0.0,0.0,5.0,19.0
784,0.0,-22.0,0.0,0.0,2.0,16.0
785,0.0,19.0,0.0,0.0,2.0,16.0
786,0.0,29.0,0.0,0.0,3.0,78.0
787,0.0,23.0,0.0,0.0,1.0,23.0
788,0.0,-4.0,0.0,0.0,2.0,72.0
789,0.0,18.0,0.0,0.0,2.0,77.0
790,0.0,11.0,0.0,0.0,2.0,71.0
791,0.0,-30.0,0.0,0.0,1.0,12.0
792,0.0,0.0,0.0,0.0,1.0,3.0
793,0.0,0.0,0.0,0.0,1.0,6.0
794,0.0,20.0,0.0,0.0,2.0,56.0
795,0.0,21.0,0.0,0.0,2.0,32.0
796,0.0,-17.0,0.0,0.0,1.0,9.0
797,0.0,45.0,0.0,0.0,1.0,14.0
798,0.0,18.0,0.0,0.0,1.0,26.0
799,0.0,3.0,0.0,0.0,2.0,53.0
800,0.0,8.0,0.0,0.0,3.0,64.0
801,0.0,0.0,0.0,0.0,1.0,3.0
802,0.0,0.0,0.0,0.0,1.0,2.0
803,0.0,3.0,0.0,0.0,3.0,41.0
804,0.0,-21.0,0.0,0.0,1.0,64.0
805,1.0,37.0,1.0,0.0,1.0,25.0
806,0.0,14.0,0.0,0.0,1.0,7.0
807,0.0,32.0,0.0,0.0,5.0,59.0
808,0.0,-32.0,0.0,0.0,1.0,14.0
809,0.0,-15.0,0.0,0.0,2.0,71.0
810,0.0,-16.0,0.0,0.0,1.0,55.0
811,0.0,-2.0,0.0,0.0,2.0,78.0
812,0.0,-14.0,0.0,0.0,1.0,49.0
813,0.0,-12.0,0.0,0.0,1.0,56.0
814,0.0,14.0,0.0,0.0,2.0,80.0
815,0.0,41.0,0.0,0.0,1.0,77.0
816,0.0,-26.0,0.0,0.0,1.0,26.0
817,0.0,-29.0,0.0,0.0,1.0,21.0
818,0.0,22.0,0.0,0.0,3.0,79.0
819,0.0,-19.0,0.0,0.0,1.0,44.0
820,0.0,24.0,0.0,0.0,3.0,75.0
821,0.0,-28.0,0.0,0.0,1.0,22.0
822,0.0,-22.0,0.0,0.0,3.0,54.0
823,0.0,-27.0,0.0,0.0,2.0,17.0
824,0.0,40.0,0.0,0.0,6.0,48.0
825,0.0,-25.0,0.0,0.0,1.0,24.0
826,0.0,-23.0,0.0,0.0,1.0,10.0
827,0.0,-17.0,0.0,0.0,1.0,11.0
828,0.0,19.0,0.0,0.0,1.0,15.0
829,0.0,32.0,0.0,0.0,4.0,54.0
830,0.0,-26.0,0.0,0.0,5.0,72.0
831,0.0,28.0,0.0,0.0,3.0,71.0
832,0.0,0.0,0.0,0.0,1.0,3.0
833,1.0,10.0,1.0,0.0,2.0,74.0
834,0.0,-15.0,0.0,0.0,3.0,20.0
835,0.0,-15.0,0.0,0.0,4.0,23.0
836,0.0,0.0,0.0,0.0,1.0,3.0
837,0.0,3.0,0.0,0.0,2.0,36.0
838,0.0,10.0,0.0,0.0,2.0,73.0
839,0.0,18.0,0.0,0.0,2.0,79.0
840,0.0,29.0,0.0,0.0,0.0,77.0
841,0.0,-31.0,0.0,0.0,3.0,23.0
842,0.0,-17.0,0.0,0.0,1.0,40.0
843,-1.0,0.0,0.0,1.0,0.0,2.0
844,0.0,0.0,0.0,0.0,2.0,8.0
845,0.0,2.0,0.0,0.0,2.0,71.0
846,0.0,27.0,0.0,0.0,3.0,79.0
847,0.0,0.0,0.0,0.0,1.0,1.0
848,0.0,23.0,0.0,0.0,0.0,77.0
849,1.0,47.0,1.0,0.0,2.0,23.0
850,0.0,0.0,0.0,0.0,1.0,5.0
851,0.0,27.0,0.0,0.0,2.0,71.0
852,0.0,21.0,0.0,0.0,1.0,20.0
853,0.0,26.0,0.0,0.0,0.0,75.0
854,0.0,0.0,0.0,0.0,1.0,1.0
855,0.0,56.0,0.0,0.0,3.0,24.0
856,0.0,0.0,0.0,0.0,1.0,2.0
857,0.0,0.0,0.0,0.0,1.0,1.0
858,0.0,18.0,0.0,0.0,3.0,77.0
859,0.0,29.0,0.0,0.0,4.0,79.0
860,0.0,-28.0,0.0,0.0,1.0,19.0
861,0.0,23.0,0.0,0.0,2.0,75.0
862,0.0,18.0,0.0,0.0,1.0,28.0
863,0.0,26.0,0.0,0.0,2.0,40.0
864,0.0,24.0,0.0,0.0,0.0,71.0
865,0.0,-27.0,0.0,0.0,3.0,46.0
866,0.0,24.0,0.0,0.0,0.0,77.0
867,0.0,24.0,0.0,0.0,1.0,32.0
868,0.0,-25.0,0.0,0.0,1.0,11.0
869,0.0,40.0,0.0,0.0,6.0,25.0
870,0.0,2.0,0.0,0.0,2.0,79.0
871,0.0,-31.0,0.0,0.0,3.0,44.0
872,0.0,24.0,0.0,0.0,2.0,72.0
873,0.0,55.0,0.0,0.0,5.0,25.0
874,0.0,-5.0,0.0,0.0,4.0,78.0
875,0.0,-9.0,0.0,0.0,1.0,77.0
876,0.0,23.0,0.0,0.0,0.0,75.0
877,0.0,-19.0,0.0,0.0,2.0,72.0
878,0.0,-6.0,0.0,0.0,4.0,27.0
879,0.0,0.0,0.0,0.0,1.0,8.0
880,0.0,-18.0,0.0,0.0,2.0,71.0
881,0.0,19.0,0.0,0.0,1.0,79.0
882,0.0,16.0,0.0,0.0,2.0,71.0
883,0.0,11.0,0.0,0.0,0.0,76.0
884,0.0,56.0,0.0,0.0,3.0,28.0
885,0.0,24.0,0.0,0.0,1.0,75.0
886,0.0,-4.0,0.0,0.0,2.0,50.0
887,0.0,-23.0,0.0,0.0,1.0,16.0
888,0.0,-35.0,0.0,0.0,3.0,65.0
889,0.0,38.0,0.0,0.0,1.0,4.0
890,0.0,19.0,0.0,0.0,2.0,73.0
891,1.0,0.0,1.0,0.0,0.0,5.0
892,0.0,16.0,0.0,0.0,1.0,12.0
893,0.0,28.0,0.0,0.0,0.0,78.0
894,0.0,18.0,0.0,0.0,2.0,80.0
895,0.0,29.0,0.0,0.0,0.0,72.0
896,0.0,-21.0,0.0,0.0,1.0,70.0
897,0.0,0.0,0.0,0.0,1.0,7.0
898,0.0,26.0,0.0,0.0,1.0,72.0
899,0.0,20.0,0.0,0.0,2.0,70.0
900,0.0,44.0,0.0,0.0,5.0,22.0
901,0.0,28.0,0.0,0.0,3.0,76.0
902,0.0,34.0,0.0,0.0,4.0,50.0
903,0.0,22.0,0.0,0.0,0.0,74.0
904,1.0,10.0,1.0,0.0,1.0,72.0
905,0.0,-29.0,0.0,0.0,4.0,45.0
906,0.0,14.0,0.0,0.0,1.0,10.0
907,0.0,22.0,0.0,0.0,2.0,74.0
908,0.0,24.0,0.0,0.0,3.0,78.0
909,0.0,0.0,0.0,0.0,1.0,6.0
910,0.0,-21.0,0.0,0.0,1.0,66.0
911,0.0,31.0,0.0,0.0,0.0,77.0
912,0.0,-30.0,0.0,0.0,3.0,42.0
913,0.0,24.0,0.0,0.0,3.0,80.0
914,0.0,31.0,0.0,0.0,3.0,78.0
915,0.0,-5.0,0.0,0.0,2.0,76.0
916,0.0,42.0,0.0,0.0,4.0,42.0
917,0.0,7.0,0.0,0.0,2.0,74.0
918,0.0,18.0,0.0,0.0,1.0,35.0
919,0.0,15.0,0.0,0.0,1.0,74.0
920,0.0,40.0,0.0,0.0,4.0,46.0
921,0.0,-5.0,0.0,0.0,2.0,52.0
922,0.0,18.0,0.0,0.0,3.0,80.0
923,0.0,1100094.0,0.0,0.0,0.0,75.0
924,0.0,25738.0,0.0,0.0,0.0,76.0
925,-1.0,519651.0,0.0,1.0,1.0,51.0
926,0.0,431757.0,1.0,1.0,0.0,79.0
927,1.0,445416.0,2.0,1.0,0.0,74.0
928,-2.0,423853.0,0.0,2.0,0.0,73.0
929,0.0,64367.0,1.0,1.0,1.0,39.0
930,0.0,135359.0,1.0,1.0,1.0,45.0
931,0.0,-25.0,0.0,0.0,2.0,18.0
932,0.0,-16.0,0.0,0.0,2.0,80.0
933,0.0,23.0,0.0,0.0,1.0,23.0
934,0.0,28.0,0.0,0.0,0.0,73.0
935,0.0,-11.0,0.0,0.0,3.0,18.0
936,0.0,-28.0,0.0,0.0,1.0,27.0
937,0.0,23.0,0.0,0.0,3.0,76.0
938,0.0,26.0,0.0,0.0,3.0,72.0
939,0.0,18.0,0.0,0.0,3.0,73.0
940,0.0,41.0,0.0,0.0,1.0,17.0
941,0.0,-25.0,0.0,0.0,2.0,11.0
942,0.0,-32.0,0.0,0.0,2.0,75.0
943,0.0,433207.0,1.0,1.0,1.0,72.0
944,-1.0,-62.0,0.0,1.0,0.0,13.0
945,1.0,28.0,1.0,0.0,0.0,7.0
946,2.0,124045.0,3.0,1.0,0.0,38.0
947,1.0,414400.0,1.0,0.0,2.0,79.0
948,0.0,81365.0,1.0,1.0,0.0,76.0
949,-1.0,238528.0,0.0,1.0,0.0,35.0
950,1.0,0.0,1.0,0.0,0.0,3.0
951,0.0,0.0,0.0,0.0,1.0,5.0
952,-1.0,-73.0,0.0,1.0,0.0,11.0
953,0.0,592535.0,1.0,1.0,0.0,77.0
954,0.0,77781.0,1.0,1.0,0.0,77.0
955,1.0,130239.0,1.0,0.0,0.0,49.0
956,1.0,59.0,1.0,0.0,0.0,11.0
957,0.0,25.0,0.0,0.0,0.0,80.0
958,0.0,3.0,0.0,0.0,2.0,54.0
959,0.0,-32.0,0.0,0.0,1.0,13.0
960,0.0,12.0,0.0,0.0,0.0,73.0
961,0.0,-23.0,0.0,0.0,1.0,31.0
962,0.0,15.0,0.0,0.0,3.0,78.0
963,0.0,-27.0,0.0,0.0,4.0,44.0
964,0.0,33.0,0.0,0.0,1.0,76.0
965,0.0,-19.0,0.0,0.0,1.0,29.0
966,0.0,0.0,0.0,0.0,1.0,3.0
967,0.0,-36.0,0.0,0.0,3.0,67.0
968,0.0,-20.0,0.0,0.0,2.0,80.0
969,0.0,22.0,0.0,0.0,1.0,23.0
970,0.0,-28.0,0.0,0.0,1.0,19.0
971,0.0,25.0,0.0,0.0,1.0,74.0
972,0.0,0.0,0.0,0.0,1.0,7.0
973,0.0,15.0,0.0,0.0,1.0,71.0
974,0.0,-31.0,0.0,0.0,3.0,49.0
975,0.0,14.0,0.0,0.0,0.0,74.0
976,0.0,-19.0,0.0,0.0,2.0,74.0
977,0.0,18.0,0.0,0.0,1.0,26.0
978,0.0,14.0,0.0,0.0,3.0,75.0
979,0.0,1.0,0.0,0.0,2.0,77.0
980,0.0,-27.0,0.0,0.0,4.0,56.0
981,0.0,36.0,0.0,0.0,5.0,42.0
982,0.0,-20.0,0.0,0.0,5.0,57.0
983,0.0,29.0,0.0,0.0,0.0,77.0
984,0.0,55.0,0.0,0.0,3.0,33.0
985,0.0,31.0,0.0,0.0,0.0,80.0
986,0.0,18.0,0.0,0.0,1.0,32.0
987,0.0,29.0,0.0,0.0,3.0,75.0
988,0.0,-28.0,0.0,0.0,1.0,21.0
989,0.0,21.0,0.0,0.0,1.0,19.0
990,0.0,30.0,0.0,0.0,0.0,74.0
991,0.0,41.0,0.0,0.0,2.0,24.0
992,0.0,10.0,0.0,0.0,0.0,75.0
993,0.0,23.0,0.0,0.0,1.0,79.0
994,0.0,26.0,0.0,0.0,1.0,79.0
995,0.0,-1.0,0.0,0.0,3.0,78.0
996,0.0,12.0,0.0,0.0,2.0,73.0
997,1.0,13.0,1.0,0.0,4.0,75.0
998,0.0,-19.0,0.0,0.0,1.0,65.0
999,0.0,-28.0,0.0,0.0,2.0,73.0
1000,0.0,23.0,0.0,0.0,0.0,71.0
1001,0.0,-19.0,0.0,0.0,1.0,69.0
1002,0.0,17.0,0.0,0.0,1.0,80.0
1003,0.0,-15.0,0.0,0.0,4.0,22.0
1004,0.0,19.0,0.0,0.0,3.0,80.0
1005,0.0,7.0,0.0,0.0,2.0,73.0
1006,0.0,-24.0,0.0,0.0,1.0,9.0
1007,0.0,35.0,0.0,0.0,2.0,51.0
1008,0.0,-27.0,0.0,0.0,2.0,74.0
1009,0.0,3.0,0.0,0.0,2.0,39.0
1010,0.0,1.0,0.0,0.0,2.0,78.0
1011,0.0,4.0,0.0,0.0,3.0,61.0
1012,0.0,1.0,0.0,0.0,2.0,51.0
1013,0.0,0.0,0.0,0.0,1.0,10.0
1014,0.0,0.0,0.0,0.0,0.0,1.0
1015,0.0,-23.0,0.0,0.0,1.0,18.0
1016,0.0,-21.0,0.0,0.0,4.0,15.0
1017,0.0,-18.0,0.0,0.0,1.0,63.0
1018,0.0,-18.0,0.0,0.0,1.0,12.0
1019,0.0,-24.0,0.0,0.0,1.0,10.0
1020,0.0,-36.0,0.0,0.0,3.0,64.0
1021,0.0,0.0,0.0,0.0,1.0,4.0
1022,0.0,40.0,0.0,0.0,1.0,71.0
1023,0.0,-3.0,0.0,0.0,4.0,23.0
1024,0.0,19.0,0.0,0.0,0.0,78.0
1025,0.0,-20.0,0.0,0.0,1.0,29.0
1026,0.0,-32.0,0.0,0.0,1.0,13.0
1027,0.0,-17.0,0.0,0.0,2.0,76.0
1028,0.0,12.0,0.0,0.0,2.0,79.0
1029,0.0,14.0,0.0,0.0,2.0,77.0
1030,0.0,25.0,0.0,0.0,1.0,71.0
1031,0.0,24.0,0.0,0.0,2.0,68.0
1032,0.0,-6.0,0.0,0.0,2.0,71.0
1033,0.0,22.0,0.0,0.0,1.0,21.0
1034,0.0,27.0,0.0,0.0,2.0,74.0
1035,0.0,-12.0,0.0,0.0,2.0,71.0
1036,0.0,4.0,0.0,0.0,3.0,68.0
1037,0.0,55.0,0.0,0.0,5.0,23.0
1038,0.0,16.0,0.0,0.0,2.0,77.0
1039,0.0,-15.0,0.0,0.0,2.0,78.0
1040,0.0,0.0,0.0,0.0,1.0,1.0
1041,0.0,-27.0,0.0,0.0,2.0,73.0
1042,0.0,-22.0,0.0,0.0,1.0,67.0
1043,0.0,-36.0,0.0,0.0,3.0,64.0
1044,0.0,-24.0,0.0,0.0,1.0,8.0
1045,0.0,20.0,0.0,0.0,2.0,36.0
1046,0.0,-15.0,0.0,0.0,2.0,73.0
1047,0.0,-23.0,0.0,0.0,1.0,28.0
1048,1.0,20.0,1.0,0.0,1.0,12.0
1049,0.0,598505.0,1.0,1.0,0.0,75.0
1050,1.0,121638.0,1.0,0.0,1.0,47.0
1051,-1.0,335518.0,1.0,2.0,0.0,61.0
1052,1.0,130239.0,1.0,0.0,0.0,43.0
1053,0.0,0.0,0.0,0.0,2.0,7.0
1054,1.0,195.0,1.0,0.0,0.0,17.0
1055,-1.0,369605.0,1.0,2.0,1.0,70.0
1056,0.0,48746.0,1.0,1.0,0.0,71.0
1057,-1.0,-43.0,0.0,1.0,0.0,10.0
1058,-2.0,433537.0,0.0,2.0,1.0,79.0
1059,1.0,492.0,1.0,0.0,1.0,18.0
1060,-1.0,-122.0,1.0,2.0,1.0,20.0
1061,0.0,0.0,0.0,0.0,1.0,3.0
1062,0.0,74177.0,1.0,1.0,1.0,36.0
1063,1.0,63163.0,2.0,1.0,0.0,80.0
1064,1.0,928.0,1.0,0.0,2.0,31.0
1065,-1.0,793003.0,0.0,1.0,1.0,70.0
1066,0.0,70797.0,1.0,1.0,0.0,78.0
1067,0.0,1071128.0,0.0,0.0,0.0,73.0
1068,1.0,33.0,1.0,0.0,0.0,15.0
1069,0.0,426792.0,1.0,1.0,0.0,71.0
1070,0.0,72177.0,0.0,0.0,0.0,80.0
1071,1.0,154.0,1.0,0.0,0.0,22.0
1072,0.0,0.0,0.0,0.0,1.0,4.0
1073,0.0,0.0,0.0,0.0,1.0,2.0
1074,-2.0,435935.0,0.0,2.0,0.0,71.0
1075,-1.0,155674.0,1.0,2.0,0.0,43.0
1076,0.0,0.0,0.0,0.0,1.0,2.0
1077,-1.0,0.0,0.0,1.0,0.0,5.0
1078,0.0,123148.0,1.0,1.0,0.0,78.0
1079,1.0,75.0,1.0,0.0,0.0,17.0
1080,0.0,102600.0,0.0,0.0,1.0,73.0
1081,0.0,440363.0,1.0,1.0,0.0,72.0
1082,1.0,56.0,2.0,1.0,1.0,9.0
1083,-2.0,434923.0,0.0,2.0,0.0,77.0
1084,2.0,587371.0,2.0,0.0,0.0,78.0
1085,-3.0,493597.0,0.0,3.0,0.0,69.0
1086,-2.0,425692.0,0.0,2.0,0.0,77.0
1087,0.0,172162.0,1.0,1.0,0.0,49.0
1088,0.0,1068254.0,0.0,0.0,0.0,73.0
1089,1.0,23.0,1.0,0.0,0.0,7.0
1090,1.0,161765.0,1.0,0.0,0.0,74.0
1091,1.0,175474.0,1.0,0.0,1.0,71.0
1092,1.0,418956.0,1.0,0.0,0.0,73.0
1093,-1.0,-459.0,0.0,1.0,0.0,21.0
1094,0.0,294553.0,1.0,1.0,1.0,76.0
1095,1.0,195.0,1.0,0.0,0.0,17.0
1096,0.0,301504.0,1.0,1.0,0.0,54.0
1097,0.0,80186.0,1.0,1.0,0.0,78.0
1098,-1.0,84399.0,1.0,2.0,0.0,40.0
1099,1.0,82.0,3.0,2.0,0.0,19.0
1100,0.0,93253.0,0.0,0.0,2.0,80.0
1101,2.0,1048.0,2.0,0.0,0.0,22.0
1102,1.0,65199.0,2.0,1.0,1.0,76.0
1103,-1.0,185180.0,1.0,2.0,0.0,51.0
1104,0.0,21.0,0.0,0.0,1.0,40.0
1105,0.0,12.0,0.0,0.0,2.0,74.0
1106,0.0,-16.0,0.0,0.0,2.0,72.0
1107,0.0,23.0,0.0,0.0,2.0,79.0
1108,0.0,-4.0,0.0,0.0,2.0,73.0
1109,0.0,-8.0,0.0,0.0,2.0,10.0
1110,0.0,0.0,0.0,0.0,1.0,2.0
1111,0.0,-17.0,0.0,0.0,3.0,38.0
1112,0.0,-22.0,0.0,0.0,2.0,40.0
1113,0.0,32.0,0.0,0.0,0.0,74.0
1114,0.0,23.0,0.0,0.0,1.0,22.0
1115,0.0,-22.0,0.0,0.0,3.0,14.0
1116,0.0,23.0,0.0,0.0,2.0,71.0
1117,0.0,33.0,0.0,0.0,0.0,78.0
1118,0.0,10.0,0.0,0.0,2.0,78.0
1119,0.0,-25.0,0.0,0.0,1.0,8.0
1120,0.0,6.0,0.0,0.0,3.0,74.0
1121,0.0,-19.0,0.0,0.0,2.0,72.0
1122,0.0,31.0,0.0,0.0,3.0,75.0
1123,0.0,0.0,0.0,0.0,1.0,2.0
1124,0.0,-31.0,0.0,0.0,3.0,41.0
1125,0.0,286150.0,1.0,1.0,0.0,72.0
1126,0.0,301504.0,1.0,1.0,1.0,61.0
1127,-3.0,528824.0,0.0,3.0,0.0,70.0
1128,1.0,140844.0,1.0,0.0,0.0,74.0
1129,0.0,447441.0,1.0,1.0,0.0,79.0
1130,-2.0,391463.0,0.0,2.0,1.0,77.0
1131,0.0,77673.0,0.0,0.0,0.0,71.0
1132,1.0,306.0,1.0,0.0,0.0,16.0
1133,0.0,427602.0,1.0,1.0,0.0,71.0
1134,-3.0,533016.0,0.0,3.0,0.0,78.0
1135,0.0,1093985.0,0.0,0.0,0.0,77.0
1136,-1.0,-107.0,0.0,1.0,0.0,14.0
1137,0.0,0.0,0.0,0.0,1.0,4.0
1138,0.0,1093985.0,0.0,0.0,0.0,74.0
1139,-1.0,-759.0,0.0,1.0,0.0,26.0
1140,0.0,0.0,0.0,0.0,1.0,2.0
1141,1.0,47.0,1.0,0.0,0.0,8.0
1142,-1.0,-280.0,0.0,1.0,1.0,23.0
1143,0.0,0.0,0.0,0.0,2.0,7.0
1144,0.0,0.0,0.0,0.0,0.0,1.0
1145,0.0,77673.0,0.0,0.0,2.0,77.0
1146,1.0,190.0,1.0,0.0,0.0,12.0
1147,-1.0,668311.0,0.0,1.0,0.0,60.0
1148,0.0,297773.0,1.0,1.0,0.0,70.0
1149,1.0,1950.0,1.0,0.0,0.0,31.0
1150,-1.0,-122.0,1.0,2.0,1.0,20.0
1151,1.0,143525.0,1.0,0.0,0.0,72.0
1152,-1.0,261194.0,1.0,2.0,1.0,59.0
1153,-1.0,-73.0,0.0,1.0,0.0,11.0
1154,0.0,42356.0,1.0,1.0,0.0,75.0
1155,-1.0,-136.0,0.0,1.0,0.0,19.0
1156,0.0,0.0,0.0,0.0,1.0,1.0
1157,0.0,0.0,0.0,0.0,0.0,1.0
1158,-1.0,0.0,0.0,1.0,0.0,8.0
1159,0.0,1059361.0,0.0,0.0,1.0,73.0
1160,1.0,169.0,1.0,0.0,1.0,22.0
1161,1.0,590362.0,1.0,0.0,1.0,79.0
1162,1.0,53723.0,2.0,1.0,0.0,72.0
1163,2.0,593205.0,2.0,0.0,0.0,78.0
1164,1.0,589212.0,1.0,0.0,0.0,80.0
1165,-1.0,97575.0,0.0,1.0,0.0,34.0
1166,-1.0,-215.0,0.0,1.0,1.0,24.0
1167,-1.0,-986.0,0.0,1.0,1.0,27.0
1168,0.0,26993.0,1.0,1.0,0.0,29.0
1169,0.0,311780.0,1.0,1.0,0.0,75.0
1170,0.0,146699.0,1.0,1.0,1.0,44.0
1171,1.0,183290.0,1.0,0.0,1.0,72.0
1172,-1.0,-64.0,1.0,2.0,1.0,19.0
1173,1.0,444446.0,2.0,1.0,0.0,74.0
1174,1.0,38.0,1.0,0.0,0.0,6.0
1175,0.0,436283.0,2.0,2.0,0.0,76.0
1176,0.0,0.0,0.0,0.0,1.0,7.0
1177,-1.0,-23.0,0.0,1.0,0.0,5.0
1178,-2.0,424136.0,0.0,2.0,0.0,73.0
1179,0.0,296182.0,1.0,1.0,0.0,78.0
1180,0.0,1092723.0,0.0,0.0,0.0,79.0
1181,0.0,1080028.0,0.0,0.0,0.0,77.0
1182,-2.0,8511.0,2.0,4.0,0.0,29.0
1183,1.0,574862.0,2.0,1.0,2.0,77.0
1184,0.0,123148.0,1.0,1.0,0.0,71.0
1185,1.0,125.0,1.0,0.0,0.0,14.0
1186,-1.0,-16.0,0.0,1.0,1.0,11.0
1187,1.0,66089.0,2.0,1.0,0.0,79.0
1188,1.0,594728.0,1.0,0.0,1.0,80.0
1189,0.0,-158.0,2.0,2.0,0.0,20.0
1190,-1.0,283912.0,0.0,1.0,0.0,78.0
1191,1.0,60295.0,1.0,0.0,0.0,40.0
1192,-1.0,-27.0,0.0,1.0,0.0,7.0
1193,-2.0,8511.0,2.0,4.0,0.0,27.0
1194,-1.0,-96.0,1.0,2.0,0.0,21.0
1195,0.0,0.0,0.0,0.0,1.0,3.0
1196,0.0,0.0,0.0,0.0,0.0,1.0
1197,0.0,1044741.0,0.0,0.0,0.0,72.0
1198,0.0,258388.0,1.0,1.0,0.0,60.0
1199,0.0,170432.0,1.0,1.0,0.0,77.0
1200,-2.0,425692.0,0.0,2.0,0.0,80.0
1201,2.0,290339.0,3.0,1.0,0.0,57.0
1202,1.0,477858.0,2.0,1.0,0.0,74.0
1203,1.0,14615.0,1.0,0.0,1.0,32.0
1204,0.0,155439.0,1.0,1.0,0.0,48.0
1205,0.0,0.0,0.0,0.0,1.0,5.0
1206,-1.0,-457.0,0.0,1.0,0.0,20.0
1207,0.0,428007.0,1.0,1.0,1.0,79.0
1208,1.0,27.0,1.0,0.0,2.0,14.0
1209,1.0,1362.0,3.0,2.0,0.0,30.0
1210,1.0,153.0,1.0,0.0,0.0,17.0
1211,0.0,82438.0,1.0,1.0,0.0,74.0
1212,1.0,1757.0,3.0,2.0,0.0,28.0
1213,-1.0,-118.0,0.0,1.0,0.0,13.0
1214,-2.0,421901.0,0.0,2.0,0.0,75.0
1215,1.0,138559.0,1.0,0.0,1.0,46.0
1216,-2.0,423853.0,0.0,2.0,0.0,71.0
1217,0.0,179658.0,1.0,1.0,0.0,43.0
1218,1.0,64945.0,1.0,0.0,0.0,35.0
1219,0.0,436019.0,1.0,1.0,1.0,80.0
1220,2.0,170284.0,3.0,1.0,1.0,42.0
1221,-2.0,449017.0,0.0,2.0,0.0,72.0
1222,1.0,554135.0,2.0,1.0,0.0,73.0
1223,1.0,34112.0,1.0,0.0,0.0,31.0
1224,0.0,0.0,0.0,0.0,1.0,5.0
1225,1.0,110120.0,1.0,0.0,0.0,72.0
1226,0.0,292911.0,1.0,1.0,0.0,73.0
1227,0.0,581447.0,1.0,1.0,0.0,73.0
1228,0.0,0.0,0.0,0.0,1.0,8.0
1229,-2.0,422511.0,0.0,2.0,0.0,76.0
1230,0.0,-158.0,2.0,2.0,0.0,20.0
1231,0.0,25738.0,0.0,0.0,0.0,72.0
1232,0.0,426847.0,1.0,1.0,0.0,79.0
1233,0.0,77673.0,0.0,0.0,0.0,71.0
1234,-1.0,770831.0,0.0,1.0,0.0,68.0
1235,0.0,74177.0,1.0,1.0,1.0,33.0
1236,0.0,287084.0,1.0,1.0,1.0,80.0
1237,2.0,601102.0,2.0,0.0,0.0,74.0
1238,0.0,297773.0,1.0,1.0,0.0,67.0
1239,0.0,258388.0,1.0,1.0,0.0,66.0
1240,2.0,1048.0,2.0,0.0,0.0,19.0
1241,1.0,142.0,3.0,2.0,0.0,14.0
1242,-2.0,434923.0,0.0,2.0,0.0,79.0
1243,1.0,107.0,1.0,0.0,0.0,18.0
1244,0.0,1046871.0,0.0,0.0,0.0,74.0
1245,1.0,53723.0,2.0,1.0,0.0,72.0
1246,0.0,264869.0,1.0,1.0,0.0,54.0
1247,-1.0,117278.0,0.0,1.0,0.0,31.0
1248,0.0,0.0,0.0,0.0,1.0,2.0
1249,0.0,0.0,0.0,0.0,0.0,1.0
1250,1.0,148997.0,1.0,0.0,0.0,72.0
1251,-2.0,390269.0,0.0,2.0,1.0,80.0
1252,-2.0,426606.0,0.0,2.0,0.0,71.0
1253,-1.0,165831.0,1.0,2.0,1.0,44.0
1254,0.0,1066726.0,0.0,0.0,0.0,73.0
1255,-1.0,863334.0,0.0,1.0,1.0,70.0
1256,0.0,423395.0,1.0,1.0,0.0,75.0
1257,0.0,411158.0,1.0,1.0,0.0,73.0
1258,-3.0,533016.0,0.0,3.0,1.0,75.0
1259,0.0,298326.0,1.0,1.0,0.0,52.0
1260,1.0,590362.0,1.0,0.0,3.0,76.0
1261,2.0,303013.0,3.0,1.0,0.0,53.0
1262,0.0,202568.0,1.0,1.0,0.0,58.0
1263,0.0,288404.0,1.0,1.0,1.0,76.0
1264,-1.0,243919.0,1.0,2.0,0.0,53.0
1265,2.0,595222.0,2.0,0.0,0.0,73.0
1266,0.0,295462.0,1.0,1.0,0.0,74.0
1267,2.0,296939.0,3.0,1.0,0.0,56.0
1268,1.0,477858.0,2.0,1.0,1.0,74.0
1269,-2.0,432108.0,0.0,2.0,0.0,74.0
1270,-1.0,287548.0,0.0,1.0,1.0,79.0
1271,0.0,0.0,0.0,0.0,1.0,1.0
1272,0.0,190956.0,1.0,1.0,1.0,44.0
1273,-1.0,198204.0,0.0,1.0,0.0,41.0
1274,2.0,262104.0,3.0,1.0,1.0,54.0
1275,-1.0,428909.0,0.0,1.0,0.0,48.0
1276,0.0,64247.0,0.0,0.0,0.0,77.0
1277,-1.0,-73.0,0.0,1.0,0.0,12.0
1278,-1.0,-357.0,0.0,1.0,0.0,19.0
1279,0.0,301504.0,1.0,1.0,0.0,61.0
1280,2.0,602952.0,2.0,0.0,0.0,76.0
1281,-1.0,-64.0,1.0,2.0,0.0,19.0
1282,1.0,1362.0,3.0,2.0,0.0,30.0
1283,2.0,576028.0,2.0,0.0,0.0,76.0
1284,-1.0,361714.0,0.0,1.0,0.0,41.0
1285,1.0,141625.0,1.0,0.0,0.0,78.0
1286,0.0,0.0,0.0,0.0,1.0,5.0
1287,0.0,0.0,0.0,0.0,0.0,1.0
1288,2.0,593205.0,2.0,0.0,0.0,73.0
1289,0.0,373867.0,1.0,1.0,0.0,74.0
1290,-1.0,-993.0,0.0,1.0,0.0,20.0
1291,1.0,556200.0,2.0,1.0,0.0,72.0
1292,-2.0,427374.0,0.0,2.0,0.0,74.0
1293,1.0,554135.0,2.0,1.0,1.0,78.0
1294,0.0,-26.0,1.0,1.0,0.0,9.0
1295,1.0,381.0,3.0,2.0,0.0,20.0
1296,1.0,47.0,1.0,0.0,0.0,11.0
1297,1.0,418809.0,1.0,0.0,0.0,72.0
1298,0.0,0.0,0.0,0.0,1.0,6.0
1299,1.0,590362.0,1.0,0.0,1.0,72.0
1300,0.0,445595.0,1.0,1.0,1.0,80.0
1301,0.0,1085019.0,0.0,0.0,0.0,73.0
1302,0.0,431757.0,1.0,1.0,0.0,77.0
1303,0.0,252509.0,1.0,1.0,0.0,49.0
1304,0.0,103730.0,1.0,1.0,1.0,75.0
1305,1.0,195.0,1.0,0.0,1.0,20.0
1306,-1.0,-40.0,1.0,2.0,2.0,19.0
1307,-1.0,883762.0,0.0,1.0,0.0,73.0
1308,-1.0,185180.0,1.0,2.0,0.0,49.0
1309,-1.0,-459.0,0.0,1.0,0.0,20.0
1310,0.0,0.0,0.0,0.0,1.0,4.0
1311,-1.0,0.0,0.0,1.0,0.0,1.0
1312,0.0,93291.0,1.0,1.0,0.0,77.0
1313,1.0,143525.0,1.0,0.0,0.0,79.0
1314,0.0,274636.0,1.0,1.0,0.0,49.0
1315,-1.0,709720.0,0.0,1.0,1.0,64.0
1316,1.0,88137.0,1.0,0.0,1.0,35.0
1317,0.0,345321.0,1.0,1.0,0.0,78.0
1318,1.0,0.0,1.0,0.0,0.0,2.0
1319,-2.0,405169.0,0.0,2.0,0.0,71.0
1320,-1.0,728840.0,0.0,1.0,1.0,62.0
1321,0.0,310094.0,1.0,1.0,0.0,65.0
1322,1.0,600823.0,1.0,0.0,0.0,75.0
1323,3.0,2290.0,3.0,0.0,0.0,27.0
1324,0.0,1094570.0,0.0,0.0,1.0,78.0
1325,1.0,74230.0,1.0,0.0,1.0,40.0
1326,0.0,93291.0,1.0,1.0,0.0,72.0
1327,0.0,45826.0,1.0,1.0,0.0,32.0
1328,1.0,414400.0,1.0,0.0,0.0,79.0
1329,1.0,1757.0,3.0,2.0,0.0,27.0
1330,0.0,296182.0,1.0,1.0,0.0,75.0
1331,1.0,385.0,1.0,0.0,0.0,15.0
1332,1.0,553741.0,2.0,1.0,1.0,78.0
1333,0.0,219452.0,1.0,1.0,0.0,64.0
1334,-1.0,258599.0,0.0,1.0,0.0,36.0
1335,-1.0,218438.0,0.0,1.0,0.0,35.0
1336,0.0,13153.0,0.0,0.0,0.0,79.0
1337,0.0,31.0,0.0,0.0,3.0,73.0
1338,0.0,4.0,0.0,0.0,2.0,80.0
1339,0.0,38.0,0.0,0.0,4.0,52.0
1340,0.0,-30.0,0.0,0.0,3.0,49.0
1341,0.0,22.0,0.0,0.0,2.0,76.0
1342,0.0,22.0,0.0,0.0,1.0,77.0
1343,0.0,11.0,0.0,0.0,4.0,75.0
1344,-1.0,-108.0,0.0,1.0,1.0,17.0
1345,0.0,283895.0,1.0,1.0,0.0,53.0
1346,-2.0,397953.0,0.0,2.0,0.0,79.0
1347,-1.0,-43.0,0.0,1.0,0.0,11.0
1348,-1.0,318987.0,0.0,1.0,0.0,43.0
1349,-3.0,529232.0,0.0,3.0,0.0,77.0
1350,0.0,-695.0,2.0,2.0,0.0,23.0
1351,1.0,1757.0,3.0,2.0,0.0,27.0
1352,0.0,0.0,0.0,0.0,1.0,2.0
1353,0.0,0.0,0.0,0.0,1.0,4.0
1354,0.0,411158.0,1.0,1.0,0.0,73.0
1355,-1.0,340181.0,1.0,2.0,0.0,62.0
1356,0.0,1068254.0,0.0,0.0,0.0,77.0
1357,0.0,0.0,0.0,0.0,1.0,9.0
1358,1.0,74230.0,1.0,0.0,0.0,39.0
1359,0.0,373867.0,1.0,1.0,0.0,74.0
1360,1.0,600501.0,1.0,0.0,0.0,73.0
1361,0.0,287731.0,1.0,1.0,0.0,76.0
1362,2.0,558109.0,2.0,0.0,0.0,75.0
1363,-1.0,-73.0,0.0,1.0,0.0,11.0
1364,1.0,477185.0,2.0,1.0,0.0,74.0
1365,2.0,591713.0,2.0,0.0,1.0,80.0
1366,-1.0,97575.0,0.0,1.0,0.0,28.0
1367,1.0,17.0,1.0,0.0,0.0,11.0
1368,0.0,302643.0,1.0,1.0,1.0,57.0
1369,0.0,598505.0,1.0,1.0,0.0,74.0
1370,0.0,0.0,0.0,0.0,1.0,3.0
1371,-1.0,225166.0,1.0,2.0,0.0,47.0
1372,-1.0,57665.0,0.0,1.0,0.0,33.0
1373,-2.0,391463.0,0.0,2.0,2.0,80.0
1374,1.0,96.0,1.0,0.0,0.0,18.0
1375,0.0,42356.0,1.0,1.0,0.0,80.0
1376,-1.0,-459.0,0.0,1.0,0.0,20.0
1377,-1.0,626990.0,0.0,1.0,0.0,53.0
1378,2.0,597940.0,2.0,0.0,1.0,73.0
1379,0.0,287554.0,1.0,1.0,0.0,78.0
1380,1.0,563330.0,2.0,1.0,0.0,78.0
1381,-1.0,-31.0,0.0,1.0,0.0,5.0
1382,0.0,77673.0,0.0,0.0,0.0,78.0
1383,1.0,82.0,1.0,0.0,1.0,15.0
1384,-1.0,94838.0,1.0,2.0,0.0,35.0
1385,1.0,144601.0,1.0,0.0,1.0,51.0
1386,2.0,146806.0,5.0,3.0,0.0,37.0
1387,-1.0,-993.0,0.0,1.0,0.0,21.0
1388,1.0,600823.0,1.0,0.0,0.0,74.0
1389,1.0,1049.0,3.0,2.0,1.0,26.0
1390,1.0,430.0,1.0,0.0,0.0,20.0
1391,2.0,602952.0,2.0,0.0,0.0,77.0
1392,-1.0,-32.0,0.0,1.0,0.0,14.0
1393,0.0,427602.0,1.0,1.0,1.0,79.0
1394,-2.0,435935.0,0.0,2.0,0.0,72.0
1395,1.0,176.0,3.0,2.0,0.0,18.0
1396,2.0,596342.0,2.0,0.0,0.0,73.0
1397,-1.0,343360.0,1.0,2.0,0.0,66.0
1398,0.0,0.0,0.0,0.0,1.0,5.0
1399,1.0,39275.0,1.0,0.0,0.0,31.0
1400,0.0,0.0,0.0,0.0,1.0,4.0
1401,-1.0,-18.0,0.0,1.0,0.0,7.0
1402,1.0,928.0,1.0,0.0,0.0,28.0
1403,2.0,573492.0,2.0,0.0,0.0,75.0
1404,-2.0,427374.0,0.0,2.0,0.0,71.0
1405,0.0,287731.0,1.0,1.0,0.0,71.0
1406,1.0,67253.0,1.0,0.0,0.0,40.0
1407,0.0,1068254.0,0.0,0.0,0.0,79.0
1408,-3.0,474025.0,0.0,3.0,0.0,66.0
1409,0.0,0.0,0.0,0.0,1.0,5.0
1410,2.0,79439.0,3.0,1.0,0.0,33.0
1411,0.0,302315.0,1.0,1.0,0.0,70.0
1412,2.0,551329.0,2.0,0.0,0.0,75.0
1413,0.0,-33.0,0.0,0.0,2.0,14.0
1414,0.0,-4.0,0.0,0.0,2.0,72.0
1415,0.0,-29.0,0.0,0.0,1.0,12.0
1416,0.0,-28.0,0.0,0.0,1.0,26.0
1417,0.0,-21.0,0.0,0.0,1.0,22.0
1418,0.0,39.0,0.0,0.0,2.0,72.0
1419,0.0,-23.0,0.0,0.0,2.0,27.0
1420,-1.0,32.0,0.0,1.0,3.0,11.0
1421,0.0,-11.0,0.0,0.0,3.0,77.0
1422,0.0,-18.0,0.0,0.0,1.0,13.0
1423,0.0,17.0,0.0,0.0,5.0,15.0
1424,0.0,-22.0,0.0,0.0,4.0,66.0
1425,0.0,-3.0,0.0,0.0,2.0,76.0
1426,1.0,446584.0,2.0,1.0,0.0,77.0
1427,0.0,0.0,0.0,0.0,1.0,8.0
1428,0.0,0.0,0.0,0.0,0.0,1.0
1429,0.0,162994.0,1.0,1.0,0.0,49.0
1430,-1.0,-37.0,0.0,1.0,0.0,12.0
1431,1.0,75.0,1.0,0.0,0.0,12.0
1432,1.0,34112.0,1.0,0.0,0.0,30.0
1433,2.0,552034.0,2.0,0.0,0.0,76.0
1434,-1.0,-107.0,0.0,1.0,0.0,18.0
1435,0.0,199998.0,1.0,1.0,0.0,51.0
1436,1.0,138559.0,1.0,0.0,1.0,53.0
1437,-2.0,416608.0,0.0,2.0,0.0,72.0
1438,-2.0,433537.0,0.0,2.0,0.0,75.0
1439,1.0,22.0,1.0,0.0,0.0,10.0
1440,0.0,373867.0,1.0,1.0,0.0,74.0
1441,-1.0,125467.0,1.0,2.0,1.0,42.0
1442,-1.0,-275.0,0.0,1.0,0.0,18.0
1443,1.0,56.0,1.0,0.0,0.0,12.0
1444,1.0,568562.0,2.0,1.0,0.0,77.0
1445,0.0,271798.0,1.0,1.0,0.0,68.0
1446,-1.0,-1278.0,0.0,1.0,0.0,28.0
1447,0.0,124443.0,1.0,1.0,0.0,35.0
1448,1.0,1049.0,3.0,2.0,0.0,25.0
1449,-1.0,1001723.0,0.0,1.0,0.0,70.0
1450,-1.0,37775.0,0.0,1.0,0.0,28.0
1451,0.0,0.0,0.0,0.0,1.0,6.0
1452,1.0,1049.0,3.0,2.0,0.0,24.0
1453,0.0,0.0,0.0,0.0,1.0,3.0
1454,0.0,240137.0,1.0,1.0,0.0,48.0
1455,0.0,0.0,0.0,0.0,1.0,5.0
1456,0.0,408023.0,1.0,1.0,1.0,73.0
1457,-1.0,137163.0,0.0,1.0,0.0,30.0
1458,0.0,112803.0,1.0,1.0,0.0,43.0
1459,-1.0,-23.0,0.0,1.0,0.0,5.0
1460,0.0,380666.0,2.0,2.0,0.0,67.0
1461,-1.0,728840.0,0.0,1.0,0.0,64.0
1462,1.0,73969.0,4.0,3.0,1.0,38.0
1463,0.0,311780.0,1.0,1.0,0.0,77.0
1464,0.0,1044653.0,0.0,0.0,0.0,74.0
1465,0.0,0.0,0.0,0.0,1.0,4.0
1466,1.0,568616.0,2.0,1.0,0.0,72.0
1467,0.0,229161.0,1.0,1.0,0.0,47.0
1468,-2.0,408992.0,0.0,2.0,1.0,78.0
1469,0.0,311657.0,2.0,2.0,0.0,66.0
1470,-1.0,-51.0,0.0,1.0,1.0,12.0
1471,0.0,193222.0,1.0,1.0,0.0,56.0
1472,0.0,1044583.0,0.0,0.0,0.0,73.0
1473,0.0,295369.0,1.0,1.0,0.0,76.0
1474,2.0,296939.0,3.0,1.0,0.0,53.0
1475,-1.0,0.0,0.0,1.0,1.0,5.0
1476,0.0,396499.0,2.0,2.0,0.0,71.0
1477,-1.0,607257.0,0.0,1.0,0.0,56.0
1478,1.0,531907.0,2.0,1.0,0.0,79.0
1479,0.0,160465.0,1.0,1.0,0.0,75.0
1480,3.0,35722.0,3.0,0.0,1.0,34.0
1481,0.0,1058768.0,0.0,0.0,0.0,73.0
1482,-1.0,-64.0,0.0,1.0,0.0,16.0
1483,-1.0,-118.0,0.0,1.0,2.0,21.0
1484,-1.0,335518.0,1.0,2.0,0.0,70.0
1485,-1.0,157315.0,0.0,1.0,1.0,39.0
1486,-1.0,-25.0,0.0,1.0,2.0,11.0
1487,0.0,-4.0,0.0,0.0,2.0,75.0
1488,0.0,18.0,0.0,0.0,1.0,5.0
1489,1.0,-30.0,1.0,0.0,3.0,54.0
1490,0.0,11.0,0.0,0.0,1.0,74.0
1491,0.0,-4.0,0.0,0.0,5.0,25.0
1492,0.0,29.0,0.0,0.0,6.0,21.0
1493,0.0,55.0,0.0,0.0,3.0,26.0
1494,0.0,26.0,0.0,0.0,1.0,31.0
1495,0.0,0.0,0.0,0.0,1.0,6.0
1496,0.0,-10.0,0.0,0.0,2.0,74.0
1497,0.0,-13.0,0.0,0.0,2.0,78.0
1498,0.0,10.0,0.0,0.0,2.0,77.0
1499,1.0,477185.0,2.0,1.0,0.0,75.0
1500,0.0,286150.0,1.0,1.0,1.0,76.0
1501,2.0,68588.0,3.0,1.0,0.0,32.0
1502,0.0,1046741.0,0.0,0.0,0.0,72.0
1503,1.0,39275.0,1.0,0.0,1.0,33.0
1504,1.0,153036.0,1.0,0.0,0.0,79.0
1505,1.0,381.0,3.0,2.0,0.0,22.0
1506,1.0,20753.0,1.0,0.0,0.0,27.0
1507,0.0,0.0,0.0,0.0,1.0,4.0
1508,0.0,1042964.0,0.0,0.0,1.0,75.0
1509,0.0,0.0,0.0,0.0,2.0,6.0
1510,1.0,812.0,1.0,0.0,1.0,19.0
1511,-3.0,493597.0,0.0,3.0,0.0,67.0
1512,-1.0,-36.0,0.0,1.0,0.0,16.0
1513,-1.0,-64.0,0.0,1.0,0.0,13.0
1514,1.0,55148.0,2.0,1.0,0.0,75.0
1515,-1.0,94838.0,1.0,2.0,0.0,34.0
1516,0.0,0.0,0.0,0.0,1.0,2.0
1517,0.0,1088099.0,0.0,0.0,0.0,71.0
1518,-1.0,-1661.0,0.0,1.0,0.0,32.0
1519,0.0,447134.0,1.0,1.0,1.0,77.0
1520,1.0,161765.0,1.0,0.0,0.0,71.0
1521,0.0,0.0,0.0,0.0,1.0,5.0
1522,1.0,45.0,1.0,0.0,1.0,11.0
1523,1.0,86824.0,1.0,0.0,0.0,39.0
1524,0.0,-189.0,2.0,2.0,0.0,20.0
1525,1.0,205605.0,1.0,0.0,0.0,73.0
1526,0.0,445595.0,1.0,1.0,1.0,80.0
1527,1.0,38.0,1.0,0.0,1.0,9.0
1528,0.0,67037.0,0.0,0.0,1.0,80.0
1529,0.0,413174.0,1.0,1.0,0.0,76.0
1530,-1.0,155674.0,1.0,2.0,0.0,48.0
1531,1.0,34112.0,1.0,0.0,0.0,27.0
1532,1.0,99.0,1.0,0.0,0.0,10.0
1533,-1.0,883762.0,0.0,1.0,1.0,74.0
1534,1.0,54387.0,1.0,0.0,1.0,37.0
1535,1.0,195.0,1.0,0.0,0.0,22.0
1536,-1.0,243919.0,1.0,2.0,0.0,58.0
1537,1.0,558112.0,2.0,1.0,0.0,71.0
1538,-1.0,519651.0,0.0,1.0,0.0,50.0
1539,0.0,74448.0,0.0,0.0,0.0,71.0
1540,0.0,0.0,0.0,0.0,1.0,2.0
1541,-1.0,0.0,0.0,1.0,0.0,1.0
1542,-1.0,203466.0,1.0,2.0,0.0,45.0
1543,1.0,110120.0,1.0,0.0,0.0,74.0
1544,0.0,0.0,0.0,0.0,1.0,1.0
1545,0.0,0.0,0.0,0.0,1.0,7.0
1546,-3.0,493597.0,0.0,3.0,0.0,65.0
1547,0.0,286416.0,1.0,1.0,0.0,76.0
1548,1.0,567282.0,2.0,1.0,0.0,73.0
1549,-2.0,390269.0,0.0,2.0,0.0,71.0
1550,1.0,447260.0,2.0,1.0,0.0,78.0
1551,-1.0,17834.0,0.0,1.0,0.0,31.0
1552,0.0,1091286.0,0.0,0.0,1.0,80.0
1553,-1.0,818472.0,0.0,1.0,1.0,64.0
1554,0.0,0.0,0.0,0.0,1.0,2.0
1555,-1.0,137163.0,0.0,1.0,0.0,38.0
1556,1.0,199.0,1.0,0.0,0.0,22.0
1557,1.0,292.0,3.0,2.0,1.0,23.0
1558,1.0,603826.0,1.0,0.0,0.0,75.0
1559,1.0,97768.0,4.0,3.0,0.0,37.0
1560,1.0,253.0,1.0,0.0,0.0,25.0
1561,1.0,603826.0,1.0,0.0,1.0,76.0
1562,0.0,112719.0,1.0,1.0,0.0,73.0
1563,0.0,252509.0,1.0,1.0,0.0,47.0
1564,1.0,227.0,3.0,2.0,0.0,20.0
1565,1.0,27.0,1.0,0.0,0.0,15.0
1566,-1.0,-122.0,1.0,2.0,1.0,15.0
1567,-1.0,540817.0,0.0,1.0,0.0,50.0
1568,1.0,98.0,1.0,0.0,1.0,21.0
1569,1.0,1049.0,3.0,2.0,0.0,29.0
1570,-1.0,-275.0,0.0,1.0,0.0,23.0
1571,0.0,290779.0,1.0,1.0,0.0,75.0
1572,0.0,1059183.0,0.0,0.0,0.0,77.0
1573,-1.0,883762.0,0.0,1.0,1.0,68.0
1574,1.0,44186.0,1.0,0.0,0.0,28.0
1575,1.0,33.0,1.0,0.0,1.0,14.0
1576,1.0,138559.0,1.0,0.0,0.0,45.0
1577,-2.0,418832.0,0.0,2.0,0.0,73.0
1578,0.0,286416.0,1.0,1.0,0.0,75.0
1579,1.0,33.0,1.0,0.0,0.0,11.0
1580,-1.0,-37.0,0.0,1.0,0.0,8.0
1581,-1.0,-107.0,0.0,1.0,0.0,11.0
1582,2.0,217741.0,3.0,1.0,1.0,51.0
1583,1.0,253.0,1.0,0.0,0.0,18.0
1584,0.0,-318.0,2.0,2.0,0.0,19.0
1585,1.0,23.0,1.0,0.0,0.0,7.0
1586,1.0,498875.0,2.0,1.0,0.0,78.0
1587,0.0,0.0,0.0,0.0,1.0,7.0
1588,1.0,456185.0,2.0,1.0,0.0,71.0
1589,2.0,145781.0,3.0,1.0,0.0,38.0
1590,0.0,302858.0,2.0,2.0,0.0,64.0
1591,-1.0,-16.0,0.0,1.0,0.0,10.0
1592,-1.0,234312.0,1.0,2.0,0.0,56.0
1593,0.0,234311.0,1.0,1.0,1.0,67.0
1594,1.0,56.0,1.0,0.0,0.0,7.0
1595,-1.0,328131.0,1.0,2.0,0.0,60.0
1596,1.0,38.0,1.0,0.0,1.0,12.0
1597,-1.0,234312.0,1.0,2.0,0.0,48.0
1598,1.0,15.0,1.0,0.0,2.0,5.0
1599,0.0,419037.0,1.0,1.0,0.0,77.0
1600,0.0,75141.0,1.0,1.0,0.0,73.0
1601,0.0,0.0,0.0,0.0,1.0,3.0
1602,-1.0,17130.0,0.0,1.0,1.0,29.0
1603,0.0,72177.0,0.0,0.0,0.0,78.0
1604,-1.0,-165.0,0.0,1.0,0.0,19.0
1605,0.0,1080015.0,0.0,0.0,0.0,77.0
1606,3.0,1765.0,3.0,0.0,0.0,23.0
1607,0.0,345321.0,1.0,1.0,0.0,79.0
1608,0.0,432386.0,1.0,1.0,0.0,76.0
1609,0.0,1046871.0,0.0,0.0,0.0,76.0
1610,2.0,221528.0,5.0,3.0,1.0,39.0
1611,0.0,64367.0,1.0,1.0,0.0,36.0
1612,1.0,199729.0,1.0,0.0,0.0,75.0
1613,-1.0,-62.0,0.0,1.0,0.0,11.0
1614,-1.0,0.0,0.0,1.0,0.0,3.0
1615,-1.0,-154.0,0.0,1.0,1.0,22.0
1616,-1.0,-21.0,0.0,1.0,0.0,10.0
1617,1.0,456185.0,2.0,1.0,0.0,80.0
1618,-2.0,389278.0,0.0,2.0,1.0,77.0
1619,0.0,301504.0,1.0,1.0,0.0,54.0
1620,-1.0,-31.0,0.0,1.0,0.0,9.0
1621,0.0,186727.0,1.0,1.0,0.0,53.0
1622,-1.0,-26.0,0.0,1.0,0.0,9.0
1623,-1.0,-38.0,0.0,1.0,0.0,8.0
1624,2.0,587576.0,2.0,0.0,0.0,79.0
1625,0.0,186727.0,1.0,1.0,0.0,53.0
1626,2.0,576028.0,2.0,0.0,1.0,72.0
1627,-2.0,8511.0,2.0,4.0,0.0,34.0
1628,0.0,422742.0,1.0,1.0,0.0,75.0
1629,0.0,426213.0,1.0,1.0,0.0,78.0
1630,-1.0,125467.0,1.0,2.0,0.0,46.0
1631,1.0,125854.0,1.0,0.0,0.0,73.0
1632,0.0,74156.0,1.0,1.0,0.0,73.0
1633,-2.0,424136.0,0.0,2.0,0.0,78.0
1634,-2.0,418934.0,0.0,2.0,0.0,74.0
1635,1.0,22.0,1.0,0.0,0.0,9.0
1636,1.0,453975.0,1.0,0.0,1.0,71.0
1637,-1.0,-219.0,0.0,1.0,0.0,17.0
1638,0.0,590891.0,1.0,1.0,0.0,76.0
1639,0.0,426213.0,1.0,1.0,0.0,77.0
1640,0.0,210339.0,1.0,1.0,0.0,52.0
1641,1.0,48.0,1.0,0.0,1.0,11.0
1642,-1.0,-357.0,0.0,1.0,0.0,19.0
1643,0.0,598505.0,1.0,1.0,1.0,80.0
1644,-1.0,361714.0,0.0,1.0,1.0,43.0
1645,1.0,37637.0,3.0,2.0,2.0,36.0
1646,-1.0,932572.0,0.0,1.0,0.0,74.0
1647,-1.0,586338.0,0.0,1.0,0.0,53.0
1648,-1.0,-51.0,0.0,1.0,0.0,15.0
1649,0.0,50758.0,1.0,1.0,1.0,74.0
1650,3.0,35722.0,3.0,0.0,0.0,33.0
1651,-1.0,0.0,0.0,1.0,0.0,4.0
1652,1.0,521976.0,2.0,1.0,1.0,80.0
1653,-1.0,-21.0,0.0,1.0,1.0,9.0
1654,-3.0,528824.0,0.0,3.0,0.0,72.0
1655,0.0,-26.0,1.0,1.0,0.0,11.0
1656,0.0,1042964.0,0.0,0.0,1.0,75.0
1657,-1.0,519651.0,0.0,1.0,0.0,57.0
1658,0.0,428007.0,1.0,1.0,0.0,71.0
1659,1.0,59980.0,2.0,1.0,0.0,72.0
1660,-2.0,422511.0,0.0,2.0,0.0,75.0
1661,0.0,450373.0,1.0,1.0,0.0,72.0
1662,1.0,62141.0,2.0,1.0,0.0,72.0
1663,1.0,159.0,1.0,0.0,0.0,18.0
1664,-1.0,-31.0,0.0,1.0,1.0,11.0
1665,0.0,93066.0,0.0,0.0,0.0,72.0
1666,0.0,311657.0,2.0,2.0,0.0,59.0
1667,0.0,1080028.0,0.0,0.0,0.0,78.0
1668,1.0,895.0,1.0,0.0,0.0,24.0
1669,0.0,202568.0,1.0,1.0,2.0,57.0
1670,0.0,61686.0,3.0,3.0,2.0,38.0
1671,0.0,0.0,0.0,0.0,1.0,3.0
1672,2.0,573492.0,2.0,0.0,0.0,79.0
1673,-1.0,-137.0,0.0,1.0,1.0,15.0
1674,0.0,599941.0,1.0,1.0,1.0,77.0
1675,0.0,75141.0,1.0,1.0,0.0,75.0
1676,1.0,531907.0,2.0,1.0,0.0,72.0
1677,1.0,541101.0,2.0,1.0,0.0,72.0
1678,0.0,57585.0,0.0,0.0,0.0,72.0
1679,-1.0,-767.0,0.0,1.0,1.0,22.0
1680,-1.0,117278.0,0.0,1.0,0.0,36.0
1681,0.0,398240.0,1.0,1.0,0.0,75.0
1682,1.0,199729.0,1.0,0.0,0.0,72.0
1683,-1.0,-60.0,0.0,1.0,0.0,16.0
1684,0.0,0.0,0.0,0.0,1.0,1.0
1685,0.0,130404.0,1.0,1.0,0.0,79.0
1686,-1.0,-357.0,0.0,1.0,0.0,23.0
1687,0.0,290245.0,2.0,2.0,0.0,62.0
1688,0.0,447134.0,1.0,1.0,1.0,80.0
1689,0.0,112803.0,1.0,1.0,0.0,38.0
1690,3.0,2971.0,3.0,0.0,0.0,26.0
1691,1.0,82.0,1.0,0.0,0.0,9.0
1692,0.0,84011.0,1.0,1.0,0.0,77.0
1693,0.0,75510.0,0.0,0.0,0.0,73.0
1694,1.0,332.0,1.0,0.0,0.0,25.0
1695,0.0,291772.0,1.0,1.0,1.0,80.0
1696,2.0,271807.0,3.0,1.0,0.0,52.0
1697,0.0,0.0,0.0,0.0,2.0,4.0
1698,-1.0,0.0,0.0,1.0,0.0,1.0
1699,0.0,416773.0,1.0,1.0,0.0,80.0
1700,-3.0,521806.0,0.0,3.0,1.0,70.0
1701,1.0,292.0,3.0,2.0,0.0,24.0
1702,1.0,153036.0,1.0,0.0,0.0,76.0
1703,0.0,436019.0,1.0,1.0,0.0,79.0
1704,2.0,551378.0,2.0,0.0,0.0,77.0
1705,-1.0,84399.0,1.0,2.0,0.0,40.0
1706,-1.0,-86.0,0.0,1.0,0.0,14.0
1707,2.0,146806.0,5.0,3.0,0.0,44.0
1708,0.0,0.0,0.0,0.0,1.0,1.0
1709,2.0,41.0,2.0,0.0,1.0,10.0
1710,2.0,68588.0,3.0,1.0,0.0,30.0
1711,1.0,578143.0,2.0,1.0,0.0,72.0
1712,1.0,141405.0,1.0,0.0,0.0,71.0
1713,-1.0,-83.0,1.0,2.0,0.0,13.0
1714,1.0,42.0,1.0,0.0,1.0,8.0
1715,1.0,130239.0,1.0,0.0,2.0,51.0
1716,0.0,-245.0,2.0,2.0,0.0,20.0
1717,-2.0,432108.0,0.0,2.0,1.0,75.0
1718,0.0,0.0,0.0,0.0,1.0,5.0
1719,1.0,449942.0,1.0,0.0,0.0,74.0
1720,2.0,303013.0,3.0,1.0,1.0,62.0
1721,-1.0,-275.0,0.0,1.0,0.0,16.0
1722,0.0,589723.0,1.0,1.0,0.0,71.0
1723,0.0,441788.0,1.0,1.0,0.0,73.0
1724,1.0,17.0,1.0,0.0,1.0,8.0
1725,1.0,134380.0,1.0,0.0,0.0,75.0
1726,-1.0,-32.0,0.0,1.0,0.0,7.0
1727,-1.0,626990.0,0.0,1.0,0.0,55.0
1728,-1.0,-2159.0,0.0,1.0,0.0,30.0
1729,1.0,306.0,1.0,0.0,0.0,16.0
1730,1.0,67253.0,1.0,0.0,1.0,38.0
1731,-1.0,298884.0,0.0,1.0,0.0,40.0
1732,0.0,-695.0,2.0,2.0,2.0,30.0
1733,0.0,1059183.0,0.0,0.0,0.0,71.0
1734,0.0,1047261.0,0.0,0.0,0.0,73.0
1735,0.0,-245.0,2.0,2.0,0.0,18.0
1736,1.0,324.0,1.0,0.0,0.0,22.0
1737,0.0,274636.0,1.0,1.0,0.0,49.0
1738,1.0,55148.0,2.0,1.0,0.0,75.0
1739,0.0,0.0,0.0,0.0,1.0,1.0
1740,1.0,99.0,1.0,0.0,0.0,10.0
1741,0.0,0.0,0.0,0.0,2.0,3.0
1742,0.0,340980.0,2.0,2.0,0.0,66.0
1743,-1.0,177731.0,0.0,1.0,0.0,39.0
1744,0.0,293983.0,1.0,1.0,0.0,75.0
1745,0.0,0.0,0.0,0.0,1.0,2.0
1746,0.0,264869.0,1.0,1.0,0.0,54.0
1747,-2.0,391606.0,0.0,2.0,2.0,79.0
1748,-1.0,-165.0,0.0,1.0,0.0,20.0
1749,1.0,409011.0,1.0,0.0,1.0,76.0
1750,0.0,1071688.0,0.0,0.0,0.0,76.0
1751,0.0,67037.0,0.0,0.0,0.0,72.0
1752,1.0,451220.0,2.0,1.0,0.0,74.0
1753,1.0,578143.0,2.0,1.0,1.0,78.0
1754,1.0,174296.0,1.0,0.0,1.0,78.0
1755,-1.0,-2153.0,0.0,1.0,1.0,27.0
1756,1.0,0.0,1.0,0.0,0.0,8.0
1757,1.0,444446.0,2.0,1.0,0.0,77.0
1758,-1.0,-52.0,0.0,1.0,0.0,15.0
1759,0.0,0.0,0.0,0.0,1.0,3.0
1760,0.0,0.0,0.0,0.0,0.0,1.0
1761,0.0,1046871.0,0.0,0.0,0.0,78.0
1762,0.0,410458.0,1.0,1.0,0.0,79.0
1763,0.0,1044653.0,0.0,0.0,0.0,76.0
1764,0.0,-411.0,2.0,2.0,1.0,28.0
1765,-1.0,-137.0,0.0,1.0,0.0,20.0
1766,0.0,0.0,0.0,0.0,1.0,3.0
1767,1.0,22.0,1.0,0.0,0.0,5.0
1768,-1.0,280000.0,1.0,2.0,1.0,61.0
1769,0.0,297175.0,2.0,2.0,0.0,59.0
1770,-1.0,117278.0,0.0,1.0,1.0,37.0
1771,0.0,287084.0,1.0,1.0,0.0,73.0
1772,-2.0,426707.0,0.0,2.0,0.0,77.0
1773,0.0,1047261.0,0.0,0.0,0.0,76.0
1774,2.0,281677.0,3.0,1.0,0.0,47.0
1775,1.0,77.0,1.0,0.0,0.0,12.0
1776,0.0,1068254.0,0.0,0.0,1.0,80.0
1777,0.0,0.0,0.0,0.0,1.0,2.0
1778,1.0,57.0,1.0,0.0,0.0,14.0
1779,1.0,73969.0,4.0,3.0,1.0,31.0
1780,0.0,74448.0,0.0,0.0,2.0,78.0
1781,0.0,1047463.0,0.0,0.0,0.0,75.0
1782,0.0,0.0,0.0,0.0,1.0,3.0
1783,1.0,1757.0,3.0,2.0,0.0,24.0
1784,0.0,594017.0,1.0,1.0,1.0,80.0
1785,1.0,276.0,1.0,0.0,0.0,20.0
1786,0.0,50758.0,1.0,1.0,1.0,80.0
1787,-1.0,-32.0,0.0,1.0,0.0,8.0
1788,2.0,593205.0,2.0,0.0,0.0,76.0
1789,0.0,302858.0,2.0,2.0,1.0,65.0
1790,3.0,14717.0,3.0,0.0,0.0,25.0
1791,1.0,0.0,1.0,0.0,0.0,5.0
1792,0.0,172162.0,1.0,1.0,0.0,57.0
1793,0.0,385393.0,1.0,1.0,0.0,76.0
1794,0.0,323805.0,1.0,1.0,0.0,72.0
1795,3.0,2290.0,3.0,0.0,0.0,25.0
1796,1.0,135747.0,1.0,0.0,0.0,73.0
1797,-1.0,-29.0,0.0,1.0,0.0,3.0
1798,0.0,0.0,0.0,0.0,1.0,8.0
1799,2.0,157856.0,3.0,1.0,0.0,38.0
1800,2.0,551378.0,2.0,0.0,0.0,75.0
1801,2.0,480826.0,2.0,0.0,1.0,80.0
1802,-1.0,238528.0,0.0,1.0,0.0,39.0
1803,0.0,426792.0,1.0,1.0,0.0,73.0
1804,-1.0,668311.0,0.0,1.0,1.0,62.0
1805,-1.0,215103.0,1.0,2.0,0.0,55.0
1806,1.0,161765.0,1.0,0.0,1.0,73.0
1807,0.0,0.0,0.0,0.0,1.0,1.0
1808,-1.0,144914.0,1.0,2.0,0.0,41.0
1809,0.0,296107.0,1.0,1.0,0.0,59.0
1810,0.0,264869.0,1.0,1.0,0.0,51.0
1811,2.0,303013.0,3.0,1.0,0.0,62.0
1812,-1.0,-280.0,0.0,1.0,0.0,23.0
1813,0.0,0.0,0.0,0.0,1.0,3.0
1814,0.0,-36.0,1.0,1.0,1.0,9.0
1815,1.0,142.0,3.0,2.0,0.0,16.0
1816,-2.0,527349.0,0.0,2.0,0.0,72.0
1817,-1.0,318987.0,0.0,1.0,0.0,41.0
1818,1.0,135747.0,1.0,0.0,0.0,72.0
1819,0.0,295462.0,1.0,1.0,0.0,74.0
1820,-1.0,366227.0,1.0,2.0,0.0,73.0
1821,0.0,1042964.0,0.0,0.0,0.0,78.0
1822,1.0,217.0,1.0,0.0,0.0,15.0
1823,0.0,1093152.0,0.0,0.0,0.0,75.0
1824,1.0,498875.0,2.0,1.0,0.0,80.0
1825,0.0,0.0,0.0,0.0,1.0,6.0
1826,-2.0,389278.0,0.0,2.0,0.0,71.0
1827,0.0,290779.0,1.0,1.0,0.0,78.0
1828,-1.0,770831.0,0.0,1.0,0.0,65.0
1829,1.0,456185.0,2.0,1.0,2.0,78.0
1830,1.0,511398.0,2.0,1.0,0.0,79.0
1831,0.0,-245.0,2.0,2.0,1.0,20.0
1832,2.0,145781.0,3.0,1.0,0.0,37.0
1833,1.0,47.0,1.0,0.0,0.0,16.0
1834,0.0,1047463.0,0.0,0.0,0.0,75.0
1835,-1.0,840694.0,0.0,1.0,0.0,64.0
1836,0.0,123148.0,1.0,1.0,0.0,80.0
1837,1.0,34112.0,1.0,0.0,1.0,32.0
1838,0.0,293983.0,1.0,1.0,1.0,77.0
1839,2.0,303157.0,3.0,1.0,0.0,55.0
1840,0.0,426847.0,1.0,1.0,0.0,72.0
1841,-2.0,428898.0,0.0,2.0,1.0,80.0
1842,0.0,1056752.0,0.0,0.0,0.0,71.0
1843,1.0,444446.0,2.0,1.0,0.0,73.0
1844,-1.0,-35.0,0.0,1.0,0.0,8.0
1845,1.0,423187.0,1.0,0.0,0.0,71.0
1846,-3.0,513244.0,0.0,3.0,0.0,68.0
1847,0.0,442264.0,1.0,1.0,0.0,74.0
1848,-1.0,176599.0,1.0,2.0,0.0,46.0
1849,1.0,553741.0,2.0,1.0,0.0,73.0
