,rewardSum,profit,guessedRightCnt,guessedWrongCnt,guessUpCnt,guessDownCnt,guessSkipCnt,guessCnt
0,0.0,0.0,0.0,0.0,0.0,0.0,1.0,1.0
1,-1.0,18.0,0.0,1.0,2.0,1.0,3.0,6.0
2,0.0,-29.0,0.0,0.0,8.0,8.0,8.0,24.0
3,0.0,12.0,1.0,1.0,2.0,2.0,8.0,12.0
4,2.0,33.0,2.0,0.0,14.0,8.0,39.0,61.0
5,1.0,28.0,1.0,0.0,13.0,14.0,21.0,48.0
6,0.0,8.0,0.0,0.0,2.0,4.0,3.0,9.0
7,4.0,19.0,4.0,0.0,22.0,25.0,24.0,71.0
8,1.0,0.0,1.0,0.0,0.0,1.0,0.0,1.0
9,2.0,27.0,4.0,2.0,17.0,21.0,33.0,71.0
10,-3.0,-27.0,0.0,3.0,4.0,0.0,0.0,4.0
11,-2.0,18.0,0.0,2.0,1.0,5.0,5.0,11.0
12,1.0,14.0,3.0,2.0,4.0,4.0,7.0,15.0
13,0.0,-9.0,0.0,0.0,13.0,12.0,26.0,51.0
14,-2.0,60.0,3.0,5.0,19.0,21.0,31.0,71.0
15,0.0,0.0,0.0,0.0,0.0,0.0,1.0,1.0
16,-6.0,-24.0,1.0,7.0,19.0,14.0,27.0,60.0
17,0.0,42.0,1.0,1.0,5.0,1.0,4.0,10.0
18,1.0,0.0,1.0,0.0,0.0,1.0,1.0,2.0
19,0.0,0.0,1.0,1.0,0.0,2.0,0.0,2.0
20,-1.0,44.0,0.0,1.0,1.0,1.0,0.0,2.0
21,1.0,-13.0,1.0,0.0,1.0,3.0,3.0,7.0
22,0.0,0.0,0.0,0.0,0.0,1.0,2.0,3.0
23,-1.0,9.0,0.0,1.0,3.0,2.0,2.0,7.0
24,2.0,13.0,2.0,0.0,5.0,4.0,8.0,17.0
25,-1.0,2.0,0.0,1.0,5.0,5.0,1.0,11.0
26,0.0,0.0,0.0,0.0,0.0,1.0,1.0,2.0
27,0.0,32.0,1.0,1.0,1.0,2.0,3.0,6.0
28,3.0,-106.0,3.0,0.0,1.0,2.0,0.0,3.0
29,1.0,-36.0,1.0,0.0,2.0,2.0,6.0,10.0
30,-1.0,-20.0,0.0,1.0,3.0,4.0,6.0,13.0
31,1.0,-81.0,2.0,1.0,12.0,3.0,3.0,18.0
32,0.0,0.0,1.0,1.0,1.0,2.0,1.0,4.0
33,-1.0,-19.0,0.0,1.0,5.0,3.0,8.0,16.0
34,-1.0,-21.0,0.0,1.0,6.0,1.0,4.0,11.0
35,0.0,-29.0,1.0,1.0,15.0,23.0,33.0,71.0
36,-1.0,41.0,0.0,1.0,14.0,16.0,30.0,60.0
37,1.0,14.0,3.0,2.0,18.0,16.0,37.0,71.0
38,3.0,121.0,6.0,3.0,18.0,20.0,33.0,71.0
39,1.0,0.0,2.0,1.0,3.0,8.0,12.0,23.0
40,1.0,7.0,1.0,0.0,7.0,7.0,10.0,24.0
41,-1.0,0.0,0.0,1.0,0.0,3.0,4.0,7.0
42,-1.0,34.0,0.0,1.0,3.0,3.0,8.0,14.0
43,4.0,31.0,4.0,0.0,16.0,20.0,35.0,71.0
44,-1.0,-21.0,0.0,1.0,3.0,2.0,3.0,8.0
45,-1.0,0.0,0.0,1.0,1.0,2.0,5.0,8.0
46,1.0,0.0,1.0,0.0,0.0,1.0,0.0,1.0
47,0.0,0.0,0.0,0.0,0.0,0.0,1.0,1.0
48,-1.0,18.0,0.0,1.0,4.0,4.0,6.0,14.0
49,0.0,-13.0,1.0,1.0,7.0,1.0,9.0,17.0
50,0.0,0.0,0.0,0.0,0.0,0.0,2.0,2.0
51,0.0,-40.0,0.0,0.0,2.0,0.0,3.0,5.0
52,0.0,40.0,2.0,2.0,22.0,15.0,34.0,71.0
53,1.0,0.0,1.0,0.0,1.0,3.0,3.0,7.0
54,2.0,6.0,2.0,0.0,19.0,18.0,34.0,71.0
55,-2.0,29.0,0.0,2.0,4.0,0.0,9.0,13.0
56,0.0,0.0,0.0,0.0,0.0,0.0,1.0,1.0
57,-1.0,13.0,0.0,1.0,1.0,3.0,3.0,7.0
58,0.0,-11.0,1.0,1.0,1.0,3.0,3.0,7.0
59,1.0,24.0,1.0,0.0,2.0,2.0,2.0,6.0
60,0.0,-25.0,0.0,0.0,9.0,10.0,18.0,37.0
61,0.0,-14.0,0.0,0.0,4.0,3.0,13.0,20.0
62,1.0,-26.0,2.0,1.0,19.0,19.0,33.0,71.0
63,-1.0,-24.0,0.0,1.0,2.0,0.0,1.0,3.0
64,1.0,0.0,1.0,0.0,0.0,1.0,0.0,1.0
65,-1.0,-13.0,0.0,1.0,9.0,5.0,14.0,28.0
66,1.0,0.0,1.0,0.0,1.0,0.0,0.0,1.0
67,-1.0,0.0,0.0,1.0,0.0,1.0,0.0,1.0
68,-1.0,0.0,0.0,1.0,0.0,2.0,2.0,4.0
69,2.0,9.0,3.0,1.0,6.0,6.0,14.0,26.0
70,0.0,5.0,0.0,0.0,3.0,5.0,8.0,16.0
71,1.0,-4.0,1.0,0.0,7.0,4.0,11.0,22.0
72,0.0,0.0,0.0,0.0,0.0,1.0,4.0,5.0
73,-1.0,0.0,0.0,1.0,1.0,0.0,2.0,3.0
74,1.0,0.0,1.0,0.0,1.0,0.0,0.0,1.0
75,-2.0,101.0,1.0,3.0,11.0,10.0,21.0,42.0
76,-1.0,-16.0,2.0,3.0,13.0,13.0,27.0,53.0
77,0.0,0.0,0.0,0.0,0.0,0.0,1.0,1.0
78,0.0,35.0,1.0,1.0,14.0,18.0,39.0,71.0
79,2.0,38.0,2.0,0.0,10.0,6.0,18.0,34.0
80,-1.0,-14.0,0.0,1.0,19.0,15.0,37.0,71.0
81,-1.0,23.0,0.0,1.0,2.0,2.0,3.0,7.0
82,-1.0,0.0,0.0,1.0,0.0,1.0,2.0,3.0
83,-2.0,2.0,0.0,2.0,8.0,5.0,2.0,15.0
84,0.0,38.0,0.0,0.0,1.0,0.0,4.0,5.0
85,0.0,-70.0,1.0,1.0,3.0,3.0,8.0,14.0
86,-1.0,-17.0,0.0,1.0,13.0,9.0,22.0,44.0
87,1.0,0.0,1.0,0.0,0.0,2.0,2.0,4.0
88,1.0,116.0,2.0,1.0,9.0,7.0,15.0,31.0
89,1.0,31.0,1.0,0.0,14.0,9.0,17.0,40.0
90,0.0,17.0,0.0,0.0,2.0,3.0,3.0,8.0
91,0.0,20.0,0.0,0.0,14.0,15.0,38.0,67.0
92,-2.0,-14.0,0.0,2.0,7.0,7.0,9.0,23.0
93,1.0,128.0,2.0,1.0,13.0,10.0,22.0,45.0
94,0.0,59.0,1.0,1.0,14.0,16.0,41.0,71.0
95,1.0,-160.0,1.0,0.0,1.0,2.0,12.0,15.0
96,-3.0,2.0,3.0,6.0,11.0,17.0,21.0,49.0
97,0.0,-13.0,1.0,1.0,10.0,6.0,21.0,37.0
98,2.0,-10.0,3.0,1.0,19.0,11.0,41.0,71.0
99,1.0,-40.0,2.0,1.0,5.0,7.0,19.0,31.0
100,-1.0,-23.0,0.0,1.0,4.0,2.0,5.0,11.0
101,-1.0,23.0,0.0,1.0,3.0,3.0,7.0,13.0
102,1.0,-27.0,1.0,0.0,6.0,11.0,18.0,35.0
103,3.0,-120.0,3.0,0.0,6.0,0.0,9.0,15.0
104,0.0,-21.0,0.0,0.0,13.0,21.0,37.0,71.0
105,2.0,-36.0,2.0,0.0,14.0,19.0,38.0,71.0
106,0.0,1.0,2.0,2.0,6.0,5.0,6.0,17.0
107,1.0,-2.0,1.0,0.0,2.0,4.0,7.0,13.0
108,1.0,-23.0,2.0,1.0,12.0,18.0,21.0,51.0
109,0.0,26.0,0.0,0.0,2.0,1.0,7.0,10.0
110,0.0,0.0,0.0,0.0,0.0,0.0,1.0,1.0
111,-2.0,-9.0,0.0,2.0,12.0,8.0,21.0,41.0
112,0.0,0.0,0.0,0.0,0.0,0.0,1.0,1.0
113,1.0,13.0,2.0,1.0,1.0,2.0,7.0,10.0
114,1.0,-8.0,1.0,0.0,1.0,4.0,2.0,7.0
115,0.0,7.0,1.0,1.0,2.0,0.0,2.0,4.0
116,0.0,0.0,0.0,0.0,0.0,0.0,1.0,1.0
117,0.0,-22.0,0.0,0.0,16.0,12.0,26.0,54.0
118,-1.0,-12.0,1.0,2.0,17.0,13.0,41.0,71.0
119,0.0,-12.0,1.0,1.0,21.0,19.0,31.0,71.0
120,-1.0,-9.0,0.0,1.0,6.0,5.0,13.0,24.0
121,1.0,-14.0,1.0,0.0,16.0,23.0,32.0,71.0
122,0.0,0.0,0.0,0.0,0.0,2.0,8.0,10.0
123,0.0,-43.0,0.0,0.0,4.0,2.0,6.0,12.0
124,-1.0,-37.0,0.0,1.0,5.0,2.0,9.0,16.0
125,-1.0,0.0,0.0,1.0,0.0,2.0,0.0,2.0
126,0.0,-15.0,1.0,1.0,4.0,7.0,8.0,19.0
127,0.0,0.0,0.0,0.0,0.0,0.0,4.0,4.0
128,0.0,9.0,0.0,0.0,2.0,5.0,3.0,10.0
129,1.0,17.0,1.0,0.0,13.0,17.0,27.0,57.0
130,2.0,45.0,2.0,0.0,24.0,13.0,34.0,71.0
131,0.0,-11.0,1.0,1.0,1.0,1.0,0.0,2.0
132,0.0,-14.0,0.0,0.0,3.0,3.0,7.0,13.0
133,-1.0,0.0,0.0,1.0,1.0,0.0,0.0,1.0
134,1.0,3.0,1.0,0.0,10.0,6.0,22.0,38.0
135,0.0,27.0,2.0,2.0,5.0,16.0,23.0,44.0
136,2.0,51.0,3.0,1.0,19.0,24.0,28.0,71.0
137,-1.0,-64.0,0.0,1.0,4.0,1.0,6.0,11.0
138,2.0,-7.0,2.0,0.0,9.0,9.0,23.0,41.0
139,0.0,5.0,0.0,0.0,3.0,8.0,22.0,33.0
140,1.0,30.0,1.0,0.0,6.0,9.0,18.0,33.0
141,0.0,0.0,1.0,1.0,1.0,3.0,8.0,12.0
142,-1.0,0.0,0.0,1.0,1.0,0.0,2.0,3.0
143,-1.0,-30.0,0.0,1.0,3.0,1.0,5.0,9.0
144,1.0,-14.0,1.0,0.0,4.0,4.0,10.0,18.0
145,0.0,0.0,0.0,0.0,0.0,0.0,1.0,1.0
146,-1.0,0.0,0.0,1.0,0.0,1.0,0.0,1.0
147,1.0,-12.0,2.0,1.0,10.0,8.0,6.0,24.0
148,1.0,108.0,4.0,3.0,17.0,18.0,36.0,71.0
149,1.0,0.0,1.0,0.0,0.0,1.0,0.0,1.0
150,-1.0,18.0,0.0,1.0,11.0,20.0,15.0,46.0
151,0.0,0.0,0.0,0.0,0.0,1.0,1.0,2.0
152,-1.0,53.0,0.0,1.0,7.0,6.0,8.0,21.0
153,-2.0,57.0,1.0,3.0,4.0,5.0,14.0,23.0
154,-2.0,15.0,3.0,5.0,21.0,15.0,35.0,71.0
155,2.0,-30.0,2.0,0.0,2.0,3.0,8.0,13.0
156,-1.0,-5.0,1.0,2.0,17.0,11.0,25.0,53.0
157,2.0,65.0,2.0,0.0,2.0,0.0,1.0,3.0
158,1.0,-12.0,1.0,0.0,3.0,2.0,9.0,14.0
159,2.0,19.0,3.0,1.0,13.0,12.0,26.0,51.0
160,0.0,-22.0,0.0,0.0,6.0,8.0,27.0,41.0
161,-2.0,-25.0,1.0,3.0,16.0,16.0,39.0,71.0
162,1.0,-25.0,2.0,1.0,7.0,4.0,12.0,23.0
163,0.0,10.0,1.0,1.0,13.0,28.0,30.0,71.0
164,-1.0,22.0,0.0,1.0,2.0,3.0,2.0,7.0
165,-1.0,-15.0,0.0,1.0,3.0,1.0,1.0,5.0
166,-1.0,0.0,0.0,1.0,1.0,1.0,1.0,3.0
167,1.0,-24.0,1.0,0.0,4.0,2.0,12.0,18.0
168,0.0,41.0,1.0,1.0,2.0,3.0,6.0,11.0
169,-1.0,0.0,0.0,1.0,1.0,0.0,0.0,1.0
170,-2.0,50.0,2.0,4.0,15.0,21.0,31.0,67.0
171,0.0,-19.0,3.0,3.0,20.0,17.0,34.0,71.0
172,-1.0,-29.0,0.0,1.0,2.0,4.0,4.0,10.0
173,1.0,27.0,1.0,0.0,18.0,14.0,28.0,60.0
174,0.0,-28.0,0.0,0.0,3.0,0.0,15.0,18.0
175,-1.0,-25.0,0.0,1.0,1.0,0.0,4.0,5.0
176,-1.0,0.0,0.0,1.0,0.0,1.0,0.0,1.0
177,0.0,-32.0,0.0,0.0,6.0,8.0,18.0,32.0
178,0.0,24.0,1.0,1.0,3.0,2.0,7.0,12.0
179,1.0,-22.0,1.0,0.0,7.0,4.0,16.0,27.0
180,1.0,16.0,1.0,0.0,15.0,8.0,21.0,44.0
181,0.0,-72.0,0.0,0.0,3.0,0.0,4.0,7.0
182,-4.0,25.0,0.0,4.0,9.0,13.0,24.0,46.0
183,0.0,-25.0,0.0,0.0,2.0,2.0,4.0,8.0
184,0.0,-25.0,0.0,0.0,8.0,18.0,36.0,62.0
185,2.0,10.0,2.0,0.0,3.0,7.0,21.0,31.0
186,1.0,0.0,1.0,0.0,0.0,2.0,2.0,4.0
187,0.0,0.0,0.0,0.0,0.0,3.0,3.0,6.0
188,-2.0,29.0,0.0,2.0,14.0,10.0,25.0,49.0
189,0.0,27.0,0.0,0.0,2.0,0.0,3.0,5.0
190,0.0,39.0,0.0,0.0,2.0,2.0,5.0,9.0
191,-1.0,29.0,1.0,2.0,8.0,10.0,10.0,28.0
192,5.0,15.0,5.0,0.0,9.0,17.0,24.0,50.0
193,0.0,36.0,1.0,1.0,4.0,4.0,14.0,22.0
194,-2.0,12.0,0.0,2.0,2.0,3.0,4.0,9.0
195,2.0,17.0,2.0,0.0,19.0,12.0,31.0,62.0
196,1.0,-31.0,1.0,0.0,7.0,3.0,11.0,21.0
197,-2.0,-33.0,0.0,2.0,3.0,1.0,2.0,6.0
198,0.0,25.0,1.0,1.0,7.0,9.0,13.0,29.0
199,0.0,-23.0,0.0,0.0,5.0,8.0,12.0,25.0
200,0.0,0.0,0.0,0.0,0.0,0.0,4.0,4.0
201,0.0,279.0,1.0,1.0,21.0,8.0,42.0,71.0
202,0.0,0.0,0.0,0.0,0.0,0.0,1.0,1.0
203,1.0,-61.0,1.0,0.0,17.0,19.0,23.0,59.0
204,-1.0,-19.0,0.0,1.0,8.0,5.0,18.0,31.0
205,2.0,6.0,2.0,0.0,5.0,2.0,6.0,13.0
206,-2.0,4.0,0.0,2.0,2.0,4.0,4.0,10.0
207,-3.0,-3.0,1.0,4.0,10.0,12.0,24.0,46.0
208,0.0,23.0,0.0,0.0,1.0,1.0,2.0,4.0
209,-1.0,-1.0,1.0,2.0,5.0,1.0,6.0,12.0
210,-2.0,-28.0,0.0,2.0,4.0,4.0,8.0,16.0
211,1.0,-21.0,1.0,0.0,1.0,3.0,1.0,5.0
212,-1.0,-6.0,0.0,1.0,9.0,11.0,14.0,34.0
213,1.0,0.0,1.0,0.0,0.0,1.0,0.0,1.0
214,0.0,-12.0,0.0,0.0,9.0,7.0,25.0,41.0
215,1.0,36.0,1.0,0.0,2.0,0.0,0.0,2.0
216,2.0,-28.0,2.0,0.0,3.0,3.0,5.0,11.0
217,0.0,-5.0,0.0,0.0,6.0,3.0,13.0,22.0
218,1.0,0.0,1.0,0.0,1.0,0.0,0.0,1.0
219,6.0,-13.0,6.0,0.0,13.0,14.0,31.0,58.0
220,0.0,0.0,0.0,0.0,0.0,0.0,1.0,1.0
221,0.0,-44.0,0.0,0.0,6.0,2.0,6.0,14.0
222,1.0,15.0,1.0,0.0,5.0,1.0,1.0,7.0
223,-1.0,18.0,0.0,1.0,3.0,3.0,8.0,14.0
224,0.0,0.0,0.0,0.0,0.0,0.0,1.0,1.0
225,0.0,-41.0,2.0,2.0,14.0,11.0,19.0,44.0
226,0.0,0.0,0.0,0.0,0.0,1.0,3.0,4.0
227,-1.0,24.0,2.0,3.0,15.0,19.0,37.0,71.0
228,0.0,-18.0,0.0,0.0,1.0,0.0,2.0,3.0
229,-1.0,11.0,0.0,1.0,5.0,4.0,8.0,17.0
230,0.0,-20.0,0.0,0.0,1.0,0.0,4.0,5.0
231,0.0,0.0,0.0,0.0,0.0,0.0,1.0,1.0
232,-1.0,5.0,1.0,2.0,4.0,3.0,5.0,12.0
233,2.0,12.0,2.0,0.0,2.0,1.0,5.0,8.0
234,-1.0,0.0,0.0,1.0,0.0,2.0,4.0,6.0
235,0.0,0.0,0.0,0.0,0.0,0.0,1.0,1.0
236,1.0,-3.0,1.0,0.0,8.0,9.0,19.0,36.0
237,1.0,132.0,3.0,2.0,7.0,9.0,6.0,22.0
238,0.0,0.0,0.0,0.0,0.0,0.0,1.0,1.0
239,-1.0,5.0,0.0,1.0,1.0,1.0,0.0,2.0
240,1.0,2.0,1.0,0.0,6.0,1.0,6.0,13.0
241,-1.0,-7.0,3.0,4.0,5.0,4.0,9.0,18.0
242,-3.0,27.0,0.0,3.0,15.0,18.0,38.0,71.0
243,1.0,7.0,1.0,0.0,4.0,5.0,6.0,15.0
244,1.0,-32.0,1.0,0.0,1.0,1.0,1.0,3.0
245,0.0,5.0,1.0,1.0,2.0,2.0,5.0,9.0
246,0.0,30.0,1.0,1.0,15.0,17.0,21.0,53.0
247,0.0,0.0,0.0,0.0,0.0,1.0,3.0,4.0
248,-1.0,-63.0,2.0,3.0,16.0,11.0,21.0,48.0
249,0.0,-19.0,0.0,0.0,16.0,20.0,35.0,71.0
250,2.0,-108.0,3.0,1.0,5.0,0.0,3.0,8.0
251,-2.0,0.0,1.0,3.0,19.0,23.0,29.0,71.0
252,1.0,33.0,1.0,0.0,1.0,1.0,8.0,10.0
253,0.0,-36.0,1.0,1.0,17.0,21.0,33.0,71.0
254,0.0,0.0,0.0,0.0,0.0,0.0,6.0,6.0
255,0.0,0.0,1.0,1.0,1.0,1.0,2.0,4.0
256,-2.0,-75.0,0.0,2.0,2.0,0.0,2.0,4.0
257,-1.0,-11.0,0.0,1.0,1.0,0.0,1.0,2.0
258,-1.0,-7.0,0.0,1.0,15.0,10.0,25.0,50.0
259,-1.0,0.0,0.0,1.0,1.0,0.0,0.0,1.0
260,5.0,50.0,5.0,0.0,5.0,8.0,10.0,23.0
261,0.0,-26.0,1.0,1.0,8.0,6.0,10.0,24.0
262,0.0,0.0,0.0,0.0,0.0,2.0,1.0,3.0
263,3.0,-43.0,3.0,0.0,4.0,2.0,12.0,18.0
264,1.0,-18.0,1.0,0.0,8.0,8.0,18.0,34.0
265,1.0,16.0,2.0,1.0,3.0,3.0,9.0,15.0
266,-1.0,-17.0,1.0,2.0,9.0,7.0,24.0,40.0
267,0.0,13.0,0.0,0.0,11.0,9.0,23.0,43.0
268,-1.0,-10.0,2.0,3.0,10.0,14.0,19.0,43.0
269,-1.0,0.0,0.0,1.0,0.0,2.0,1.0,3.0
270,-1.0,-40.0,0.0,1.0,2.0,4.0,7.0,13.0
271,0.0,14.0,2.0,2.0,5.0,5.0,9.0,19.0
272,-4.0,-19.0,0.0,4.0,18.0,18.0,35.0,71.0
273,-1.0,0.0,0.0,1.0,1.0,1.0,2.0,4.0
274,1.0,3.0,1.0,0.0,28.0,12.0,31.0,71.0
275,1.0,-12.0,1.0,0.0,2.0,4.0,5.0,11.0
276,2.0,-15.0,2.0,0.0,18.0,17.0,30.0,65.0
277,-1.0,35.0,0.0,1.0,1.0,1.0,3.0,5.0
278,-2.0,-21.0,0.0,2.0,10.0,6.0,26.0,42.0
279,-1.0,-14.0,0.0,1.0,4.0,3.0,4.0,11.0
280,-2.0,4.0,0.0,2.0,12.0,17.0,25.0,54.0
281,0.0,6.0,0.0,0.0,4.0,4.0,11.0,19.0
282,-1.0,36.0,0.0,1.0,1.0,1.0,0.0,2.0
283,-3.0,-23.0,0.0,3.0,19.0,15.0,37.0,71.0
284,-1.0,-50.0,1.0,2.0,16.0,22.0,33.0,71.0
285,-1.0,27.0,0.0,1.0,17.0,13.0,27.0,57.0
286,-1.0,-61.0,1.0,2.0,8.0,7.0,21.0,36.0
287,-1.0,-11.0,0.0,1.0,5.0,3.0,7.0,15.0
288,1.0,0.0,1.0,0.0,1.0,0.0,0.0,1.0
289,-1.0,-21.0,0.0,1.0,13.0,14.0,44.0,71.0
290,1.0,-31.0,2.0,1.0,2.0,1.0,3.0,6.0
291,0.0,0.0,0.0,0.0,0.0,0.0,4.0,4.0
292,0.0,0.0,0.0,0.0,0.0,0.0,5.0,5.0
293,1.0,0.0,2.0,1.0,1.0,3.0,1.0,5.0
294,-2.0,-11.0,1.0,3.0,16.0,22.0,33.0,71.0
295,0.0,-127.0,2.0,2.0,5.0,5.0,10.0,20.0
296,-2.0,-6.0,0.0,2.0,5.0,0.0,10.0,15.0
297,0.0,0.0,0.0,0.0,0.0,0.0,1.0,1.0
298,4.0,19.0,4.0,0.0,11.0,5.0,12.0,28.0
299,1.0,-34.0,2.0,1.0,15.0,18.0,38.0,71.0
300,0.0,20.0,0.0,0.0,14.0,9.0,23.0,46.0
301,-1.0,72.0,1.0,2.0,11.0,5.0,18.0,34.0
302,-1.0,0.0,1.0,2.0,0.0,3.0,1.0,4.0
303,1.0,96.0,2.0,1.0,14.0,13.0,29.0,56.0
304,-1.0,-13.0,1.0,2.0,16.0,10.0,16.0,42.0
305,0.0,0.0,0.0,0.0,0.0,0.0,3.0,3.0
306,0.0,0.0,0.0,0.0,0.0,0.0,1.0,1.0
307,-1.0,-19.0,0.0,1.0,3.0,1.0,6.0,10.0
308,3.0,-99.0,3.0,0.0,2.0,6.0,13.0,21.0
309,0.0,27.0,0.0,0.0,25.0,16.0,30.0,71.0
310,1.0,39.0,1.0,0.0,17.0,15.0,39.0,71.0
311,-1.0,0.0,0.0,1.0,1.0,3.0,9.0,13.0
312,0.0,-37.0,0.0,0.0,7.0,4.0,19.0,30.0
313,0.0,-4.0,1.0,1.0,9.0,8.0,11.0,28.0
314,0.0,16.0,0.0,0.0,8.0,10.0,19.0,37.0
315,0.0,-30.0,0.0,0.0,1.0,0.0,1.0,2.0
316,1.0,-11.0,3.0,2.0,6.0,7.0,18.0,31.0
317,0.0,-21.0,0.0,0.0,2.0,0.0,1.0,3.0
318,-1.0,0.0,0.0,1.0,1.0,0.0,0.0,1.0
319,1.0,6.0,2.0,1.0,16.0,19.0,36.0,71.0
320,0.0,0.0,1.0,1.0,1.0,2.0,6.0,9.0
321,1.0,64.0,1.0,0.0,3.0,3.0,6.0,12.0
322,0.0,-10.0,0.0,0.0,20.0,13.0,38.0,71.0
323,0.0,-23.0,0.0,0.0,1.0,1.0,3.0,5.0
324,1.0,18.0,1.0,0.0,8.0,9.0,11.0,28.0
325,2.0,12.0,2.0,0.0,17.0,12.0,34.0,63.0
326,1.0,22.0,1.0,0.0,2.0,1.0,2.0,5.0
327,0.0,38.0,0.0,0.0,12.0,19.0,40.0,71.0
328,-1.0,36.0,0.0,1.0,11.0,9.0,30.0,50.0
329,0.0,22.0,0.0,0.0,3.0,12.0,15.0,30.0
330,0.0,-25.0,0.0,0.0,6.0,6.0,9.0,21.0
331,-1.0,50.0,2.0,3.0,15.0,16.0,40.0,71.0
332,0.0,73.0,2.0,2.0,5.0,4.0,5.0,14.0
333,0.0,13.0,0.0,0.0,13.0,18.0,40.0,71.0
334,0.0,15.0,0.0,0.0,2.0,2.0,9.0,13.0
335,0.0,0.0,0.0,0.0,0.0,0.0,1.0,1.0
336,1.0,0.0,1.0,0.0,1.0,0.0,1.0,2.0
337,-2.0,-1.0,1.0,3.0,6.0,9.0,10.0,25.0
338,-1.0,0.0,0.0,1.0,0.0,3.0,3.0,6.0
339,0.0,-14.0,0.0,0.0,4.0,10.0,21.0,35.0
340,-1.0,15.0,0.0,1.0,3.0,12.0,16.0,31.0
341,0.0,0.0,0.0,0.0,0.0,0.0,1.0,1.0
342,0.0,27.0,0.0,0.0,1.0,2.0,8.0,11.0
343,1.0,0.0,1.0,0.0,0.0,8.0,2.0,10.0
344,-1.0,119.0,0.0,1.0,13.0,4.0,10.0,27.0
345,-3.0,88.0,2.0,5.0,4.0,11.0,9.0,24.0
346,2.0,31.0,2.0,0.0,15.0,12.0,24.0,51.0
347,-1.0,35.0,0.0,1.0,6.0,8.0,8.0,22.0
348,0.0,26.0,0.0,0.0,1.0,0.0,1.0,2.0
349,0.0,-48.0,3.0,3.0,16.0,17.0,38.0,71.0
350,-1.0,0.0,0.0,1.0,0.0,1.0,0.0,1.0
351,1.0,-6.0,1.0,0.0,1.0,2.0,6.0,9.0
352,-1.0,19.0,0.0,1.0,2.0,0.0,2.0,4.0
353,-3.0,16.0,1.0,4.0,8.0,14.0,17.0,39.0
354,0.0,0.0,0.0,0.0,0.0,0.0,1.0,1.0
355,-1.0,7.0,0.0,1.0,8.0,17.0,15.0,40.0
356,-1.0,62.0,0.0,1.0,1.0,5.0,2.0,8.0
357,-1.0,0.0,0.0,1.0,0.0,5.0,5.0,10.0
358,1.0,0.0,1.0,0.0,0.0,1.0,0.0,1.0
359,0.0,-11.0,0.0,0.0,5.0,2.0,2.0,9.0
360,-1.0,0.0,0.0,1.0,1.0,0.0,0.0,1.0
361,1.0,-35.0,2.0,1.0,16.0,21.0,34.0,71.0
362,-2.0,-13.0,0.0,2.0,10.0,5.0,11.0,26.0
363,1.0,20.0,1.0,0.0,10.0,9.0,24.0,43.0
364,0.0,35.0,0.0,0.0,2.0,2.0,4.0,8.0
365,0.0,-155.0,1.0,1.0,5.0,5.0,5.0,15.0
366,-1.0,-24.0,1.0,2.0,7.0,12.0,22.0,41.0
367,1.0,-41.0,1.0,0.0,1.0,1.0,3.0,5.0
368,-1.0,-6.0,0.0,1.0,16.0,13.0,42.0,71.0
369,0.0,0.0,0.0,0.0,0.0,0.0,6.0,6.0
370,1.0,-20.0,3.0,2.0,8.0,5.0,10.0,23.0
371,0.0,0.0,0.0,0.0,0.0,0.0,1.0,1.0
372,-1.0,-16.0,0.0,1.0,5.0,11.0,13.0,29.0
373,0.0,-44.0,0.0,0.0,1.0,0.0,2.0,3.0
374,0.0,0.0,0.0,0.0,0.0,0.0,1.0,1.0
375,0.0,-4.0,0.0,0.0,7.0,8.0,19.0,34.0
376,0.0,0.0,0.0,0.0,0.0,0.0,1.0,1.0
377,3.0,-12.0,3.0,0.0,2.0,7.0,6.0,15.0
378,1.0,19.0,1.0,0.0,3.0,1.0,1.0,5.0
379,1.0,-36.0,1.0,0.0,3.0,5.0,3.0,11.0
380,-1.0,-29.0,0.0,1.0,16.0,15.0,32.0,63.0
381,1.0,-44.0,1.0,0.0,5.0,5.0,8.0,18.0
382,0.0,0.0,0.0,0.0,0.0,2.0,1.0,3.0
383,-1.0,-11.0,0.0,1.0,6.0,4.0,6.0,16.0
384,2.0,11.0,2.0,0.0,4.0,8.0,14.0,26.0
385,0.0,-30.0,1.0,1.0,5.0,5.0,5.0,15.0
386,1.0,42.0,1.0,0.0,7.0,3.0,16.0,26.0
387,0.0,0.0,1.0,1.0,1.0,1.0,4.0,6.0
388,1.0,0.0,1.0,0.0,1.0,0.0,0.0,1.0
389,0.0,16.0,0.0,0.0,4.0,3.0,5.0,12.0
390,2.0,28.0,2.0,0.0,3.0,4.0,7.0,14.0
391,0.0,-40.0,1.0,1.0,20.0,15.0,36.0,71.0
392,0.0,24.0,0.0,0.0,4.0,3.0,13.0,20.0
393,1.0,-19.0,1.0,0.0,1.0,1.0,1.0,3.0
394,0.0,26.0,1.0,1.0,21.0,14.0,36.0,71.0
395,0.0,183.0,1.0,1.0,16.0,8.0,28.0,52.0
396,-1.0,0.0,0.0,1.0,0.0,2.0,4.0,6.0
397,3.0,-24.0,3.0,0.0,8.0,10.0,19.0,37.0
398,-1.0,0.0,0.0,1.0,0.0,2.0,6.0,8.0
399,-1.0,-20.0,1.0,2.0,18.0,15.0,38.0,71.0
400,1.0,0.0,1.0,0.0,0.0,1.0,2.0,3.0
401,0.0,23.0,0.0,0.0,1.0,2.0,10.0,13.0
402,1.0,5.0,1.0,0.0,15.0,19.0,51.0,85.0
403,-1.0,38.0,0.0,1.0,2.0,7.0,7.0,16.0
404,1.0,0.0,1.0,0.0,0.0,1.0,2.0,3.0
405,-1.0,0.0,0.0,1.0,0.0,1.0,0.0,1.0
406,1.0,0.0,1.0,0.0,0.0,2.0,1.0,3.0
407,1.0,-7.0,1.0,0.0,4.0,6.0,15.0,25.0
408,1.0,29.0,1.0,0.0,6.0,7.0,24.0,37.0
409,0.0,13.0,1.0,1.0,22.0,21.0,28.0,71.0
410,-2.0,-34.0,0.0,2.0,5.0,3.0,5.0,13.0
411,6.0,21.0,7.0,1.0,16.0,12.0,21.0,49.0
412,0.0,8.0,0.0,0.0,1.0,3.0,5.0,9.0
413,1.0,-21.0,1.0,0.0,13.0,6.0,17.0,36.0
414,-1.0,18.0,0.0,1.0,1.0,1.0,4.0,6.0
415,0.0,22.0,0.0,0.0,4.0,9.0,15.0,28.0
416,1.0,0.0,1.0,0.0,0.0,1.0,1.0,2.0
417,2.0,4.0,2.0,0.0,2.0,1.0,1.0,4.0
418,2.0,-41.0,2.0,0.0,16.0,6.0,17.0,39.0
419,3.0,-58.0,4.0,1.0,4.0,8.0,8.0,20.0
420,-2.0,24.0,0.0,2.0,1.0,3.0,0.0,4.0
421,1.0,35.0,1.0,0.0,7.0,6.0,15.0,28.0
422,0.0,-14.0,0.0,0.0,5.0,9.0,21.0,35.0
423,0.0,22.0,0.0,0.0,1.0,2.0,4.0,7.0
424,0.0,-10.0,2.0,2.0,3.0,12.0,15.0,30.0
425,-2.0,10.0,0.0,2.0,1.0,7.0,11.0,19.0
426,0.0,0.0,0.0,0.0,0.0,0.0,3.0,3.0
427,-3.0,0.0,0.0,3.0,1.0,3.0,2.0,6.0
428,-1.0,-22.0,0.0,1.0,17.0,13.0,26.0,56.0
429,0.0,-10.0,0.0,0.0,20.0,11.0,40.0,71.0
430,0.0,28.0,0.0,0.0,11.0,4.0,16.0,31.0
431,-1.0,0.0,0.0,1.0,1.0,0.0,0.0,1.0
432,1.0,-6.0,1.0,0.0,3.0,4.0,4.0,11.0
433,0.0,-6.0,0.0,0.0,18.0,17.0,36.0,71.0
434,-1.0,0.0,0.0,1.0,0.0,1.0,1.0,2.0
435,0.0,-28.0,0.0,0.0,15.0,11.0,26.0,52.0
436,-1.0,9.0,0.0,1.0,2.0,7.0,6.0,15.0
437,0.0,30.0,0.0,0.0,2.0,2.0,2.0,6.0
438,0.0,0.0,0.0,0.0,0.0,1.0,2.0,3.0
439,0.0,25.0,0.0,0.0,5.0,3.0,12.0,20.0
440,0.0,17.0,1.0,1.0,10.0,14.0,28.0,52.0
441,0.0,-9.0,0.0,0.0,2.0,0.0,1.0,3.0
442,0.0,0.0,0.0,0.0,0.0,0.0,2.0,2.0
443,2.0,134.0,2.0,0.0,6.0,8.0,4.0,18.0
444,0.0,-84.0,0.0,0.0,3.0,1.0,6.0,10.0
445,1.0,0.0,1.0,0.0,0.0,1.0,1.0,2.0
446,-1.0,-6.0,0.0,1.0,17.0,15.0,39.0,71.0
447,0.0,0.0,0.0,0.0,0.0,1.0,1.0,2.0
448,2.0,67.0,2.0,0.0,13.0,21.0,37.0,71.0
449,2.0,-13.0,2.0,0.0,8.0,10.0,15.0,33.0
450,0.0,-18.0,2.0,2.0,3.0,1.0,6.0,10.0
451,1.0,-42.0,2.0,1.0,9.0,5.0,5.0,19.0
452,0.0,-14.0,0.0,0.0,7.0,15.0,25.0,47.0
453,0.0,-23.0,1.0,1.0,4.0,2.0,5.0,11.0
454,-2.0,36.0,0.0,2.0,5.0,2.0,11.0,18.0
455,0.0,0.0,0.0,0.0,0.0,0.0,3.0,3.0
456,-1.0,0.0,0.0,1.0,0.0,1.0,3.0,4.0
457,-3.0,17.0,0.0,3.0,5.0,3.0,9.0,17.0
458,1.0,13.0,2.0,1.0,2.0,4.0,8.0,14.0
459,0.0,-6.0,0.0,0.0,1.0,2.0,5.0,8.0
460,-1.0,-16.0,2.0,3.0,8.0,12.0,19.0,39.0
461,-1.0,8.0,0.0,1.0,19.0,14.0,38.0,71.0
462,1.0,49.0,1.0,0.0,6.0,7.0,15.0,28.0
463,3.0,-40.0,3.0,0.0,25.0,18.0,28.0,71.0
464,0.0,-23.0,0.0,0.0,2.0,0.0,6.0,8.0
465,1.0,0.0,1.0,0.0,1.0,1.0,5.0,7.0
466,-1.0,46.0,1.0,2.0,12.0,13.0,18.0,43.0
467,-1.0,-5.0,1.0,2.0,16.0,24.0,31.0,71.0
468,0.0,21.0,0.0,0.0,1.0,1.0,4.0,6.0
469,1.0,0.0,1.0,0.0,1.0,0.0,0.0,1.0
470,-1.0,27.0,0.0,1.0,1.0,7.0,10.0,18.0
471,2.0,-43.0,2.0,0.0,4.0,9.0,10.0,23.0
472,1.0,25.0,1.0,0.0,2.0,3.0,4.0,9.0
473,0.0,-16.0,1.0,1.0,15.0,9.0,18.0,42.0
474,-4.0,53.0,0.0,4.0,9.0,12.0,20.0,41.0
475,0.0,16.0,1.0,1.0,3.0,2.0,13.0,18.0
476,1.0,-14.0,1.0,0.0,25.0,16.0,30.0,71.0
477,-1.0,-16.0,0.0,1.0,2.0,0.0,6.0,8.0
478,-1.0,73.0,1.0,2.0,26.0,13.0,32.0,71.0
479,-1.0,25.0,0.0,1.0,4.0,4.0,13.0,21.0
480,-1.0,0.0,0.0,1.0,0.0,1.0,0.0,1.0
481,-1.0,-12.0,0.0,1.0,3.0,3.0,6.0,12.0
482,0.0,-13.0,0.0,0.0,2.0,3.0,10.0,15.0
483,1.0,0.0,1.0,0.0,0.0,1.0,0.0,1.0
484,0.0,0.0,0.0,0.0,0.0,0.0,2.0,2.0
485,-2.0,-22.0,0.0,2.0,19.0,20.0,32.0,71.0
486,3.0,22.0,3.0,0.0,6.0,3.0,8.0,17.0
487,-1.0,49.0,0.0,1.0,14.0,17.0,40.0,71.0
488,0.0,-23.0,1.0,1.0,7.0,10.0,12.0,29.0
489,-1.0,25.0,0.0,1.0,17.0,13.0,25.0,55.0
490,0.0,0.0,0.0,0.0,0.0,1.0,3.0,4.0
491,1.0,-39.0,1.0,0.0,1.0,1.0,6.0,8.0
492,-1.0,-53.0,0.0,1.0,3.0,2.0,2.0,7.0
493,-1.0,-76.0,0.0,1.0,23.0,13.0,31.0,67.0
494,-1.0,-4.0,0.0,1.0,14.0,19.0,38.0,71.0
495,0.0,0.0,0.0,0.0,0.0,0.0,4.0,4.0
496,-1.0,-17.0,0.0,1.0,6.0,10.0,20.0,36.0
497,0.0,0.0,0.0,0.0,0.0,0.0,1.0,1.0
498,3.0,12.0,4.0,1.0,4.0,4.0,8.0,16.0
499,1.0,0.0,1.0,0.0,0.0,1.0,2.0,3.0
500,0.0,-86.0,2.0,2.0,21.0,15.0,32.0,68.0
501,0.0,-24.0,0.0,0.0,1.0,2.0,6.0,9.0
502,-1.0,12.0,0.0,1.0,3.0,4.0,5.0,12.0
503,-1.0,61.0,0.0,1.0,2.0,1.0,0.0,3.0
504,1.0,9.0,1.0,0.0,10.0,9.0,27.0,46.0
505,0.0,-17.0,1.0,1.0,10.0,10.0,25.0,45.0
506,0.0,11.0,0.0,0.0,1.0,0.0,3.0,4.0
507,0.0,0.0,0.0,0.0,0.0,1.0,6.0,7.0
508,-1.0,20.0,0.0,1.0,10.0,10.0,15.0,35.0
509,-1.0,-36.0,0.0,1.0,2.0,0.0,2.0,4.0
510,2.0,-15.0,2.0,0.0,6.0,11.0,12.0,29.0
511,2.0,-70.0,3.0,1.0,15.0,23.0,33.0,71.0
512,1.0,10.0,1.0,0.0,4.0,2.0,3.0,9.0
513,0.0,0.0,0.0,0.0,0.0,1.0,3.0,4.0
514,1.0,-22.0,2.0,1.0,9.0,13.0,15.0,37.0
515,3.0,-11.0,3.0,0.0,3.0,4.0,8.0,15.0
516,-1.0,-22.0,1.0,2.0,2.0,1.0,1.0,4.0
517,2.0,57.0,2.0,0.0,21.0,14.0,36.0,71.0
518,-1.0,0.0,0.0,1.0,1.0,0.0,0.0,1.0
519,0.0,-16.0,0.0,0.0,18.0,20.0,33.0,71.0
520,-1.0,0.0,0.0,1.0,1.0,1.0,4.0,6.0
521,0.0,-17.0,0.0,0.0,1.0,1.0,5.0,7.0
522,2.0,-24.0,2.0,0.0,10.0,12.0,13.0,35.0
523,-1.0,5.0,0.0,1.0,5.0,8.0,19.0,32.0
524,0.0,0.0,0.0,0.0,0.0,0.0,1.0,1.0
525,1.0,0.0,2.0,1.0,12.0,13.0,46.0,71.0
526,0.0,34.0,0.0,0.0,5.0,5.0,6.0,16.0
527,-1.0,0.0,0.0,1.0,1.0,1.0,1.0,3.0
528,-1.0,21.0,0.0,1.0,5.0,10.0,29.0,44.0
529,-1.0,-41.0,1.0,2.0,19.0,16.0,36.0,71.0
530,-1.0,-14.0,0.0,1.0,12.0,15.0,30.0,57.0
531,-6.0,-17.0,1.0,7.0,13.0,11.0,24.0,48.0
532,-3.0,-73.0,0.0,3.0,23.0,16.0,32.0,71.0
533,2.0,47.0,3.0,1.0,7.0,4.0,5.0,16.0
534,-1.0,55.0,1.0,2.0,24.0,17.0,30.0,71.0
535,-1.0,-3.0,1.0,2.0,6.0,1.0,5.0,12.0
536,1.0,-32.0,2.0,1.0,3.0,3.0,4.0,10.0
537,0.0,-14.0,0.0,0.0,1.0,0.0,4.0,5.0
538,2.0,-16.0,3.0,1.0,14.0,10.0,30.0,54.0
539,0.0,23.0,0.0,0.0,1.0,2.0,6.0,9.0
540,-1.0,0.0,0.0,1.0,0.0,1.0,0.0,1.0
541,0.0,-23.0,1.0,1.0,17.0,19.0,35.0,71.0
542,2.0,25.0,3.0,1.0,3.0,2.0,6.0,11.0
543,0.0,0.0,0.0,0.0,0.0,0.0,1.0,1.0
544,0.0,-28.0,0.0,0.0,1.0,1.0,4.0,6.0
545,-1.0,12.0,0.0,1.0,3.0,2.0,3.0,8.0
546,0.0,16.0,1.0,1.0,15.0,18.0,38.0,71.0
547,0.0,0.0,0.0,0.0,0.0,0.0,2.0,2.0
548,2.0,-34.0,3.0,1.0,18.0,13.0,30.0,61.0
549,0.0,30.0,1.0,1.0,11.0,17.0,25.0,53.0
550,1.0,21.0,1.0,0.0,4.0,9.0,13.0,26.0
551,0.0,48.0,1.0,1.0,14.0,18.0,39.0,71.0
552,2.0,3.0,3.0,1.0,13.0,16.0,16.0,45.0
553,1.0,0.0,1.0,0.0,0.0,1.0,0.0,1.0
554,1.0,10.0,1.0,0.0,2.0,0.0,3.0,5.0
555,1.0,2.0,1.0,0.0,6.0,5.0,13.0,24.0
556,0.0,6.0,0.0,0.0,1.0,1.0,6.0,8.0
557,0.0,-14.0,1.0,1.0,11.0,8.0,29.0,48.0
558,1.0,0.0,1.0,0.0,0.0,2.0,2.0,4.0
559,-1.0,14.0,0.0,1.0,7.0,9.0,17.0,33.0
560,1.0,8.0,1.0,0.0,5.0,8.0,14.0,27.0
561,-3.0,50.0,1.0,4.0,12.0,10.0,32.0,54.0
562,2.0,9.0,3.0,1.0,21.0,12.0,38.0,71.0
563,0.0,-2.0,1.0,1.0,4.0,4.0,7.0,15.0
564,-2.0,-18.0,0.0,2.0,16.0,14.0,41.0,71.0
565,-1.0,-58.0,0.0,1.0,14.0,17.0,39.0,70.0
566,-1.0,-19.0,1.0,2.0,4.0,9.0,10.0,23.0
567,2.0,80.0,3.0,1.0,6.0,3.0,5.0,14.0
568,-2.0,-32.0,0.0,2.0,9.0,5.0,18.0,32.0
569,1.0,23.0,1.0,0.0,4.0,5.0,17.0,26.0
570,1.0,-2.0,1.0,0.0,3.0,0.0,5.0,8.0
571,0.0,45.0,1.0,1.0,2.0,0.0,1.0,3.0
572,0.0,9.0,2.0,2.0,4.0,3.0,4.0,11.0
573,-1.0,17.0,0.0,1.0,16.0,16.0,24.0,56.0
574,-1.0,0.0,0.0,1.0,0.0,1.0,0.0,1.0
575,1.0,-7.0,2.0,1.0,15.0,18.0,38.0,71.0
576,0.0,5.0,0.0,0.0,1.0,0.0,1.0,2.0
577,-1.0,26.0,0.0,1.0,12.0,11.0,25.0,48.0
578,-1.0,8.0,0.0,1.0,16.0,14.0,28.0,58.0
579,-2.0,-28.0,2.0,4.0,14.0,15.0,42.0,71.0
580,1.0,-8.0,1.0,0.0,1.0,1.0,4.0,6.0
581,0.0,-16.0,0.0,0.0,4.0,2.0,4.0,10.0
582,2.0,44.0,2.0,0.0,24.0,11.0,36.0,71.0
583,0.0,0.0,0.0,0.0,0.0,0.0,1.0,1.0
584,0.0,24.0,2.0,2.0,8.0,21.0,33.0,62.0
585,1.0,-12.0,2.0,1.0,2.0,1.0,2.0,5.0
586,0.0,-32.0,0.0,0.0,2.0,3.0,7.0,12.0
587,0.0,14.0,0.0,0.0,2.0,0.0,3.0,5.0
588,0.0,-12.0,1.0,1.0,5.0,1.0,8.0,14.0
589,0.0,4.0,0.0,0.0,19.0,20.0,32.0,71.0
590,0.0,-17.0,0.0,0.0,2.0,2.0,1.0,5.0
591,-1.0,-28.0,0.0,1.0,6.0,17.0,22.0,45.0
592,3.0,64.0,3.0,0.0,13.0,16.0,29.0,58.0
593,2.0,-18.0,3.0,1.0,9.0,9.0,21.0,39.0
594,-1.0,-2.0,0.0,1.0,8.0,12.0,13.0,33.0
595,1.0,27.0,1.0,0.0,2.0,0.0,0.0,2.0
596,-1.0,14.0,0.0,1.0,11.0,10.0,16.0,37.0
597,1.0,0.0,1.0,0.0,2.0,5.0,3.0,10.0
598,1.0,0.0,1.0,0.0,1.0,2.0,2.0,5.0
599,1.0,10.0,1.0,0.0,13.0,20.0,38.0,71.0
600,1.0,-40.0,1.0,0.0,1.0,2.0,1.0,4.0
601,-1.0,-19.0,0.0,1.0,2.0,3.0,5.0,10.0
602,0.0,28.0,0.0,0.0,1.0,2.0,3.0,6.0
603,-1.0,-39.0,0.0,1.0,8.0,3.0,10.0,21.0
604,-1.0,-37.0,0.0,1.0,4.0,4.0,5.0,13.0
605,0.0,-11.0,0.0,0.0,1.0,2.0,9.0,12.0
606,0.0,-26.0,0.0,0.0,4.0,4.0,6.0,14.0
607,1.0,0.0,1.0,0.0,0.0,1.0,0.0,1.0
608,-1.0,74.0,0.0,1.0,3.0,5.0,11.0,19.0
609,3.0,68.0,3.0,0.0,13.0,5.0,9.0,27.0
610,1.0,20.0,1.0,0.0,1.0,1.0,1.0,3.0
611,0.0,-7.0,1.0,1.0,5.0,1.0,6.0,12.0
612,-1.0,0.0,0.0,1.0,1.0,0.0,0.0,1.0
613,0.0,8.0,0.0,0.0,10.0,10.0,21.0,41.0
614,0.0,-83.0,1.0,1.0,1.0,2.0,5.0,8.0
615,4.0,-12.0,6.0,2.0,12.0,13.0,27.0,52.0
616,1.0,0.0,1.0,0.0,1.0,0.0,2.0,3.0
617,-2.0,21.0,0.0,2.0,1.0,2.0,7.0,10.0
618,0.0,7.0,2.0,2.0,18.0,17.0,36.0,71.0
619,0.0,0.0,0.0,0.0,0.0,3.0,3.0,6.0
620,-2.0,13.0,0.0,2.0,1.0,3.0,2.0,6.0
621,1.0,26.0,3.0,2.0,16.0,18.0,37.0,71.0
622,1.0,15.0,1.0,0.0,3.0,1.0,8.0,12.0
623,1.0,-7.0,2.0,1.0,4.0,5.0,11.0,20.0
624,0.0,35.0,0.0,0.0,1.0,0.0,3.0,4.0
625,-1.0,0.0,0.0,1.0,1.0,0.0,0.0,1.0
626,2.0,0.0,2.0,0.0,1.0,1.0,0.0,2.0
627,0.0,-11.0,0.0,0.0,3.0,8.0,11.0,22.0
628,-2.0,1.0,1.0,3.0,3.0,2.0,3.0,8.0
629,-1.0,-3.0,1.0,2.0,2.0,9.0,9.0,20.0
630,-2.0,-20.0,0.0,2.0,7.0,7.0,18.0,32.0
631,-1.0,11.0,0.0,1.0,4.0,2.0,9.0,15.0
632,1.0,0.0,1.0,0.0,0.0,2.0,2.0,4.0
633,1.0,0.0,1.0,0.0,1.0,1.0,2.0,4.0
634,-1.0,0.0,0.0,1.0,0.0,1.0,1.0,2.0
635,0.0,0.0,0.0,0.0,0.0,0.0,1.0,1.0
636,-2.0,-2.0,0.0,2.0,5.0,11.0,12.0,28.0
637,-1.0,10.0,0.0,1.0,1.0,4.0,2.0,7.0
638,1.0,-34.0,1.0,0.0,6.0,4.0,11.0,21.0
639,0.0,-22.0,0.0,0.0,3.0,0.0,3.0,6.0
640,1.0,25.0,1.0,0.0,5.0,3.0,7.0,15.0
641,1.0,0.0,1.0,0.0,0.0,1.0,3.0,4.0
642,0.0,-19.0,1.0,1.0,13.0,21.0,37.0,71.0
643,1.0,20.0,1.0,0.0,3.0,0.0,0.0,3.0
644,0.0,29.0,0.0,0.0,11.0,7.0,22.0,40.0
645,-1.0,0.0,0.0,1.0,0.0,2.0,3.0,5.0
646,2.0,20.0,2.0,0.0,18.0,15.0,38.0,71.0
647,-1.0,-42.0,0.0,1.0,1.0,0.0,2.0,3.0
648,-1.0,-8.0,1.0,2.0,17.0,13.0,26.0,56.0
649,-1.0,-16.0,0.0,1.0,11.0,8.0,18.0,37.0
650,1.0,-47.0,2.0,1.0,4.0,2.0,7.0,13.0
651,2.0,154.0,3.0,1.0,6.0,8.0,16.0,30.0
652,1.0,0.0,1.0,0.0,0.0,1.0,0.0,1.0
653,-1.0,48.0,0.0,1.0,7.0,4.0,9.0,20.0
654,1.0,0.0,1.0,0.0,0.0,1.0,1.0,2.0
655,1.0,-4.0,2.0,1.0,5.0,6.0,14.0,25.0
656,1.0,0.0,1.0,0.0,0.0,2.0,0.0,2.0
657,0.0,0.0,0.0,0.0,0.0,0.0,2.0,2.0
658,0.0,0.0,0.0,0.0,0.0,3.0,4.0,7.0
659,-1.0,0.0,0.0,1.0,1.0,0.0,0.0,1.0
660,0.0,-5.0,0.0,0.0,2.0,4.0,6.0,12.0
661,-1.0,0.0,0.0,1.0,0.0,2.0,0.0,2.0
662,0.0,23.0,0.0,0.0,1.0,3.0,8.0,12.0
663,1.0,22.0,1.0,0.0,3.0,3.0,3.0,9.0
664,3.0,56.0,6.0,3.0,20.0,13.0,38.0,71.0
665,-1.0,-15.0,0.0,1.0,4.0,4.0,8.0,16.0
666,1.0,-2.0,2.0,1.0,2.0,7.0,10.0,19.0
667,1.0,17.0,1.0,0.0,10.0,4.0,12.0,26.0
668,0.0,17.0,0.0,0.0,4.0,1.0,11.0,16.0
669,0.0,-20.0,0.0,0.0,10.0,3.0,19.0,32.0
670,-1.0,-10.0,0.0,1.0,2.0,0.0,1.0,3.0
671,-1.0,-16.0,1.0,2.0,26.0,13.0,32.0,71.0
672,0.0,-38.0,0.0,0.0,8.0,5.0,12.0,25.0
673,0.0,23.0,0.0,0.0,1.0,1.0,9.0,11.0
674,-1.0,0.0,0.0,1.0,0.0,1.0,0.0,1.0
675,0.0,0.0,0.0,0.0,0.0,0.0,1.0,1.0
676,0.0,0.0,0.0,0.0,0.0,0.0,1.0,1.0
677,0.0,0.0,0.0,0.0,0.0,0.0,4.0,4.0
678,0.0,31.0,0.0,0.0,2.0,2.0,5.0,9.0
679,0.0,0.0,0.0,0.0,0.0,0.0,1.0,1.0
680,0.0,0.0,0.0,0.0,0.0,0.0,1.0,1.0
681,-3.0,1.0,0.0,3.0,12.0,6.0,18.0,36.0
682,-1.0,-11.0,1.0,2.0,1.0,8.0,14.0,23.0
683,-1.0,0.0,0.0,1.0,1.0,0.0,0.0,1.0
684,0.0,4.0,0.0,0.0,17.0,12.0,42.0,71.0
685,0.0,-20.0,1.0,1.0,2.0,1.0,1.0,4.0
686,1.0,0.0,1.0,0.0,1.0,3.0,3.0,7.0
687,-3.0,7.0,2.0,5.0,13.0,14.0,19.0,46.0
688,0.0,-18.0,1.0,1.0,10.0,11.0,19.0,40.0
689,-2.0,-23.0,0.0,2.0,15.0,18.0,32.0,65.0
690,0.0,0.0,1.0,1.0,0.0,3.0,5.0,8.0
691,-1.0,28.0,0.0,1.0,2.0,1.0,4.0,7.0
692,-1.0,-21.0,0.0,1.0,10.0,9.0,17.0,36.0
693,1.0,46.0,1.0,0.0,9.0,3.0,22.0,34.0
694,1.0,35.0,1.0,0.0,3.0,5.0,3.0,11.0
695,1.0,42.0,2.0,1.0,4.0,0.0,3.0,7.0
696,1.0,-63.0,1.0,0.0,15.0,7.0,24.0,46.0
697,2.0,-22.0,2.0,0.0,2.0,2.0,5.0,9.0
698,0.0,16.0,0.0,0.0,1.0,0.0,3.0,4.0
699,-1.0,-3.0,0.0,1.0,17.0,25.0,29.0,71.0
700,1.0,5.0,1.0,0.0,6.0,3.0,16.0,25.0
701,0.0,31.0,2.0,2.0,12.0,16.0,43.0,71.0
702,-1.0,0.0,0.0,1.0,1.0,0.0,0.0,1.0
703,0.0,-27.0,0.0,0.0,1.0,1.0,6.0,8.0
704,0.0,-9.0,2.0,2.0,2.0,5.0,5.0,12.0
705,1.0,97.0,5.0,4.0,19.0,16.0,36.0,71.0
706,1.0,-58.0,1.0,0.0,2.0,1.0,4.0,7.0
707,0.0,-21.0,0.0,0.0,2.0,2.0,7.0,11.0
708,2.0,-33.0,2.0,0.0,17.0,17.0,37.0,71.0
709,0.0,118.0,2.0,2.0,26.0,16.0,29.0,71.0
710,-1.0,-53.0,0.0,1.0,10.0,4.0,22.0,36.0
711,0.0,4.0,0.0,0.0,1.0,2.0,5.0,8.0
712,2.0,-23.0,2.0,0.0,3.0,6.0,3.0,12.0
713,0.0,73.0,0.0,0.0,10.0,3.0,13.0,26.0
714,1.0,0.0,1.0,0.0,0.0,2.0,1.0,3.0
715,-2.0,109.0,0.0,2.0,19.0,15.0,37.0,71.0
716,0.0,-24.0,0.0,0.0,17.0,18.0,36.0,71.0
717,-1.0,0.0,0.0,1.0,0.0,1.0,0.0,1.0
718,-1.0,-32.0,0.0,1.0,2.0,0.0,2.0,4.0
719,1.0,-26.0,1.0,0.0,15.0,8.0,21.0,44.0
720,1.0,0.0,1.0,0.0,1.0,0.0,2.0,3.0
721,1.0,0.0,1.0,0.0,1.0,0.0,0.0,1.0
722,-1.0,98.0,1.0,2.0,18.0,16.0,37.0,71.0
723,-1.0,0.0,0.0,1.0,1.0,0.0,3.0,4.0
724,-1.0,-9.0,0.0,1.0,5.0,1.0,6.0,12.0
725,-1.0,0.0,0.0,1.0,0.0,1.0,4.0,5.0
726,0.0,0.0,0.0,0.0,0.0,0.0,1.0,1.0
727,0.0,0.0,0.0,0.0,0.0,0.0,1.0,1.0
728,0.0,29.0,0.0,0.0,16.0,16.0,33.0,65.0
729,1.0,50.0,1.0,0.0,19.0,8.0,44.0,71.0
730,1.0,28.0,2.0,1.0,18.0,11.0,42.0,71.0
731,0.0,-12.0,0.0,0.0,3.0,0.0,5.0,8.0
732,0.0,-18.0,2.0,2.0,4.0,3.0,3.0,10.0
733,-1.0,-13.0,0.0,1.0,4.0,4.0,6.0,14.0
734,0.0,-8.0,0.0,0.0,3.0,2.0,9.0,14.0
735,-1.0,26.0,0.0,1.0,15.0,13.0,24.0,52.0
736,1.0,-25.0,1.0,0.0,17.0,17.0,35.0,69.0
737,0.0,-8.0,0.0,0.0,3.0,3.0,6.0,12.0
738,2.0,-21.0,3.0,1.0,13.0,8.0,29.0,50.0
739,3.0,-12.0,3.0,0.0,13.0,20.0,38.0,71.0
740,0.0,0.0,1.0,1.0,0.0,2.0,1.0,3.0
741,0.0,-9.0,1.0,1.0,14.0,18.0,39.0,71.0
742,0.0,0.0,0.0,0.0,0.0,3.0,3.0,6.0
743,-1.0,-8.0,0.0,1.0,4.0,3.0,4.0,11.0
744,0.0,19.0,0.0,0.0,6.0,6.0,15.0,27.0
745,0.0,0.0,0.0,0.0,0.0,0.0,1.0,1.0
746,-1.0,-36.0,0.0,1.0,10.0,10.0,32.0,52.0
747,-1.0,30.0,1.0,2.0,11.0,11.0,12.0,34.0
748,0.0,0.0,0.0,0.0,0.0,0.0,3.0,3.0
749,0.0,12.0,0.0,0.0,7.0,9.0,15.0,31.0
750,-1.0,0.0,0.0,1.0,0.0,1.0,0.0,1.0
751,0.0,-18.0,1.0,1.0,1.0,6.0,2.0,9.0
752,-3.0,14.0,2.0,5.0,19.0,16.0,36.0,71.0
753,0.0,-22.0,0.0,0.0,1.0,2.0,3.0,6.0
754,-1.0,0.0,0.0,1.0,1.0,1.0,0.0,2.0
755,1.0,0.0,1.0,0.0,1.0,1.0,1.0,3.0
756,1.0,-13.0,2.0,1.0,2.0,2.0,5.0,9.0
757,1.0,0.0,1.0,0.0,1.0,1.0,0.0,2.0
758,0.0,-22.0,0.0,0.0,6.0,7.0,6.0,19.0
759,0.0,-4.0,0.0,0.0,13.0,21.0,37.0,71.0
760,2.0,-28.0,2.0,0.0,5.0,7.0,15.0,27.0
761,1.0,-28.0,1.0,0.0,6.0,9.0,14.0,29.0
762,-1.0,-2.0,0.0,1.0,8.0,7.0,12.0,27.0
763,-1.0,18.0,0.0,1.0,1.0,1.0,0.0,2.0
764,0.0,-11.0,0.0,0.0,1.0,4.0,7.0,12.0
765,-4.0,35.0,0.0,4.0,7.0,7.0,9.0,23.0
766,0.0,17.0,2.0,2.0,6.0,9.0,15.0,30.0
767,1.0,0.0,1.0,0.0,0.0,3.0,3.0,6.0
768,-1.0,0.0,0.0,1.0,1.0,0.0,0.0,1.0
769,0.0,7.0,1.0,1.0,14.0,18.0,39.0,71.0
770,1.0,0.0,1.0,0.0,0.0,1.0,0.0,1.0
771,0.0,-44.0,0.0,0.0,1.0,0.0,3.0,4.0
772,0.0,0.0,0.0,0.0,0.0,0.0,3.0,3.0
773,-1.0,0.0,0.0,1.0,0.0,5.0,6.0,11.0
774,-2.0,-10.0,0.0,2.0,10.0,8.0,16.0,34.0
775,0.0,0.0,0.0,0.0,0.0,0.0,4.0,4.0
776,-1.0,2.0,1.0,2.0,17.0,16.0,38.0,71.0
777,0.0,0.0,0.0,0.0,0.0,0.0,1.0,1.0
778,-1.0,0.0,0.0,1.0,1.0,0.0,0.0,1.0
779,2.0,8.0,2.0,0.0,12.0,8.0,10.0,30.0
780,0.0,17.0,0.0,0.0,19.0,14.0,38.0,71.0
781,0.0,8.0,0.0,0.0,3.0,4.0,13.0,20.0
782,4.0,46.0,4.0,0.0,11.0,20.0,40.0,71.0
783,-4.0,-10.0,0.0,4.0,6.0,4.0,9.0,19.0
784,-1.0,-19.0,0.0,1.0,14.0,15.0,28.0,57.0
785,0.0,18.0,0.0,0.0,2.0,0.0,9.0,11.0
786,-1.0,-5.0,1.0,2.0,9.0,13.0,29.0,51.0
787,0.0,15.0,0.0,0.0,1.0,4.0,8.0,13.0
788,0.0,0.0,0.0,0.0,0.0,0.0,1.0,1.0
789,1.0,-50.0,1.0,0.0,6.0,10.0,18.0,34.0
790,-1.0,0.0,0.0,1.0,1.0,1.0,1.0,3.0
791,4.0,-15.0,4.0,0.0,4.0,10.0,4.0,18.0
792,0.0,42.0,0.0,0.0,3.0,13.0,13.0,29.0
793,1.0,22.0,1.0,0.0,13.0,7.0,12.0,32.0
794,0.0,46.0,1.0,1.0,4.0,3.0,1.0,8.0
795,1.0,-9.0,1.0,0.0,5.0,12.0,12.0,29.0
796,-1.0,0.0,0.0,1.0,0.0,1.0,0.0,1.0
797,0.0,0.0,1.0,1.0,1.0,1.0,2.0,4.0
798,-2.0,-2.0,1.0,3.0,5.0,3.0,6.0,14.0
799,1.0,-120.0,2.0,1.0,4.0,1.0,2.0,7.0
800,1.0,139.0,2.0,1.0,4.0,3.0,11.0,18.0
801,0.0,13.0,0.0,0.0,7.0,4.0,13.0,24.0
802,-1.0,-17.0,0.0,1.0,2.0,3.0,4.0,9.0
803,-1.0,0.0,0.0,1.0,0.0,1.0,2.0,3.0
804,1.0,-14.0,1.0,0.0,18.0,10.0,43.0,71.0
805,-1.0,-14.0,0.0,1.0,7.0,7.0,31.0,45.0
806,0.0,21.0,0.0,0.0,7.0,10.0,15.0,32.0
807,0.0,-9.0,0.0,0.0,1.0,0.0,3.0,4.0
808,-1.0,-45.0,0.0,1.0,4.0,1.0,7.0,12.0
809,2.0,1.0,2.0,0.0,4.0,3.0,2.0,9.0
810,0.0,10.0,2.0,2.0,3.0,3.0,3.0,9.0
811,0.0,0.0,0.0,0.0,0.0,0.0,1.0,1.0
812,0.0,-16.0,0.0,0.0,3.0,3.0,6.0,12.0
813,0.0,0.0,0.0,0.0,0.0,0.0,1.0,1.0
814,0.0,0.0,1.0,1.0,3.0,7.0,18.0,28.0
815,-1.0,-20.0,0.0,1.0,2.0,0.0,2.0,4.0
816,1.0,21.0,1.0,0.0,11.0,11.0,13.0,35.0
817,1.0,13.0,1.0,0.0,3.0,2.0,3.0,8.0
818,1.0,-12.0,2.0,1.0,13.0,19.0,39.0,71.0
819,-1.0,30.0,1.0,2.0,6.0,9.0,15.0,30.0
820,-1.0,0.0,0.0,1.0,1.0,0.0,1.0,2.0
821,-1.0,0.0,0.0,1.0,0.0,1.0,3.0,4.0
822,-1.0,-9.0,0.0,1.0,3.0,1.0,2.0,6.0
823,1.0,-83.0,2.0,1.0,4.0,2.0,9.0,15.0
824,-1.0,45.0,1.0,2.0,2.0,8.0,8.0,18.0
825,-1.0,11.0,0.0,1.0,11.0,20.0,40.0,71.0
826,1.0,31.0,2.0,1.0,8.0,8.0,18.0,34.0
827,0.0,-58.0,1.0,1.0,7.0,5.0,11.0,23.0
828,0.0,0.0,0.0,0.0,0.0,0.0,2.0,2.0
829,0.0,0.0,0.0,0.0,0.0,0.0,3.0,3.0
830,-1.0,-25.0,0.0,1.0,1.0,1.0,1.0,3.0
831,0.0,-42.0,0.0,0.0,1.0,0.0,2.0,3.0
832,1.0,-12.0,1.0,0.0,19.0,17.0,35.0,71.0
833,0.0,0.0,0.0,0.0,0.0,0.0,1.0,1.0
834,1.0,-20.0,1.0,0.0,2.0,3.0,9.0,14.0
835,0.0,0.0,0.0,0.0,0.0,0.0,5.0,5.0
836,-1.0,5.0,2.0,3.0,13.0,7.0,20.0,40.0
837,-1.0,-21.0,0.0,1.0,5.0,6.0,15.0,26.0
838,0.0,-12.0,0.0,0.0,1.0,2.0,6.0,9.0
839,1.0,-33.0,1.0,0.0,1.0,1.0,0.0,2.0
840,0.0,8.0,1.0,1.0,2.0,3.0,4.0,9.0
841,1.0,-29.0,2.0,1.0,17.0,22.0,20.0,59.0
842,-1.0,69.0,0.0,1.0,4.0,1.0,3.0,8.0
843,-1.0,0.0,1.0,2.0,2.0,3.0,6.0,11.0
844,0.0,-25.0,0.0,0.0,6.0,2.0,8.0,16.0
845,-1.0,76.0,1.0,2.0,4.0,1.0,1.0,6.0
846,-1.0,0.0,0.0,1.0,0.0,2.0,0.0,2.0
847,-1.0,0.0,0.0,1.0,0.0,1.0,0.0,1.0
848,0.0,-54.0,1.0,1.0,2.0,4.0,4.0,10.0
849,0.0,-9.0,2.0,2.0,5.0,3.0,10.0,18.0
850,0.0,0.0,0.0,0.0,0.0,1.0,1.0,2.0
851,0.0,-16.0,1.0,1.0,6.0,6.0,3.0,15.0
852,1.0,-9.0,3.0,2.0,8.0,4.0,7.0,19.0
853,0.0,0.0,0.0,0.0,0.0,1.0,3.0,4.0
854,0.0,-21.0,1.0,1.0,3.0,4.0,2.0,9.0
855,-1.0,6.0,0.0,1.0,12.0,10.0,22.0,44.0
856,0.0,-18.0,0.0,0.0,2.0,0.0,3.0,5.0
857,0.0,61.0,1.0,1.0,19.0,16.0,36.0,71.0
858,2.0,-30.0,2.0,0.0,5.0,11.0,13.0,29.0
859,0.0,36.0,0.0,0.0,2.0,2.0,6.0,10.0
860,0.0,0.0,0.0,0.0,0.0,1.0,1.0,2.0
861,0.0,18.0,0.0,0.0,4.0,1.0,7.0,12.0
862,1.0,-42.0,1.0,0.0,8.0,5.0,8.0,21.0
863,0.0,25.0,0.0,0.0,1.0,1.0,2.0,4.0
864,1.0,23.0,1.0,0.0,15.0,9.0,15.0,39.0
865,0.0,-25.0,0.0,0.0,6.0,9.0,26.0,41.0
866,0.0,24.0,0.0,0.0,2.0,1.0,3.0,6.0
867,-1.0,-6.0,0.0,1.0,14.0,10.0,20.0,44.0
868,1.0,0.0,1.0,0.0,1.0,0.0,0.0,1.0
869,0.0,-58.0,0.0,0.0,1.0,0.0,1.0,2.0
870,-1.0,0.0,0.0,1.0,1.0,0.0,1.0,2.0
871,1.0,0.0,1.0,0.0,0.0,1.0,1.0,2.0
872,0.0,18.0,0.0,0.0,10.0,12.0,20.0,42.0
873,-2.0,-23.0,0.0,2.0,14.0,10.0,29.0,53.0
874,0.0,0.0,0.0,0.0,0.0,0.0,2.0,2.0
875,-1.0,-6.0,2.0,3.0,12.0,15.0,28.0,55.0
876,0.0,0.0,0.0,0.0,0.0,0.0,1.0,1.0
877,0.0,35.0,0.0,0.0,2.0,1.0,3.0,6.0
878,1.0,14.0,1.0,0.0,4.0,5.0,5.0,14.0
879,2.0,43.0,2.0,0.0,18.0,15.0,38.0,71.0
880,0.0,21.0,0.0,0.0,8.0,13.0,20.0,41.0
881,0.0,0.0,0.0,0.0,0.0,0.0,2.0,2.0
882,0.0,-14.0,0.0,0.0,2.0,3.0,3.0,8.0
883,1.0,-8.0,1.0,0.0,2.0,6.0,7.0,15.0
884,0.0,-20.0,1.0,1.0,17.0,19.0,35.0,71.0
885,0.0,188.0,2.0,2.0,8.0,8.0,21.0,37.0
886,0.0,20.0,1.0,1.0,12.0,5.0,16.0,33.0
887,-1.0,95.0,0.0,1.0,4.0,4.0,6.0,14.0
888,2.0,19.0,2.0,0.0,16.0,16.0,39.0,71.0
889,0.0,0.0,0.0,0.0,0.0,2.0,3.0,5.0
890,0.0,0.0,0.0,0.0,0.0,2.0,7.0,9.0
891,0.0,0.0,0.0,0.0,0.0,0.0,2.0,2.0
892,1.0,-14.0,1.0,0.0,3.0,3.0,2.0,8.0
893,0.0,0.0,0.0,0.0,0.0,1.0,1.0,2.0
894,0.0,-23.0,0.0,0.0,1.0,4.0,3.0,8.0
895,0.0,0.0,0.0,0.0,0.0,0.0,1.0,1.0
896,0.0,25.0,0.0,0.0,8.0,4.0,7.0,19.0
897,-2.0,37.0,0.0,2.0,2.0,2.0,7.0,11.0
898,-1.0,0.0,0.0,1.0,1.0,0.0,0.0,1.0
899,0.0,0.0,0.0,0.0,0.0,0.0,2.0,2.0
900,1.0,-49.0,1.0,0.0,2.0,8.0,8.0,18.0
901,-2.0,29.0,1.0,3.0,7.0,1.0,6.0,14.0
902,1.0,-12.0,1.0,0.0,1.0,5.0,3.0,9.0
903,0.0,-35.0,1.0,1.0,20.0,14.0,37.0,71.0
904,0.0,5.0,1.0,1.0,3.0,4.0,11.0,18.0
905,1.0,-20.0,1.0,0.0,2.0,4.0,6.0,12.0
906,-1.0,41.0,0.0,1.0,7.0,7.0,10.0,24.0
907,0.0,-16.0,1.0,1.0,2.0,1.0,2.0,5.0
908,1.0,107.0,3.0,2.0,22.0,16.0,29.0,67.0
909,1.0,-32.0,1.0,0.0,2.0,4.0,7.0,13.0
910,-2.0,36.0,0.0,2.0,2.0,5.0,4.0,11.0
911,1.0,22.0,1.0,0.0,2.0,1.0,3.0,6.0
912,0.0,0.0,0.0,0.0,9.0,12.0,32.0,53.0
913,3.0,3.0,3.0,0.0,6.0,8.0,13.0,27.0
914,0.0,-30.0,2.0,2.0,6.0,4.0,4.0,14.0
915,0.0,48.0,0.0,0.0,6.0,1.0,6.0,13.0
916,-1.0,0.0,0.0,1.0,1.0,0.0,0.0,1.0
917,0.0,3.0,0.0,0.0,14.0,20.0,37.0,71.0
918,0.0,0.0,0.0,0.0,0.0,0.0,4.0,4.0
919,2.0,52.0,2.0,0.0,11.0,17.0,43.0,71.0
920,-1.0,35.0,0.0,1.0,2.0,1.0,0.0,3.0
921,-1.0,-34.0,0.0,1.0,14.0,10.0,29.0,53.0
922,1.0,0.0,1.0,0.0,0.0,1.0,0.0,1.0
923,0.0,-2.0,1.0,1.0,14.0,14.0,20.0,48.0
924,1.0,21.0,2.0,1.0,10.0,14.0,14.0,38.0
925,-1.0,6.0,1.0,2.0,7.0,4.0,6.0,17.0
926,1.0,-13.0,1.0,0.0,12.0,13.0,22.0,47.0
927,0.0,-35.0,1.0,1.0,4.0,3.0,2.0,9.0
928,-2.0,4.0,0.0,2.0,4.0,5.0,9.0,18.0
929,1.0,-22.0,1.0,0.0,3.0,4.0,3.0,10.0
930,1.0,53.0,1.0,0.0,14.0,19.0,38.0,71.0
931,0.0,-11.0,0.0,0.0,2.0,1.0,2.0,5.0
932,1.0,-19.0,1.0,0.0,2.0,2.0,8.0,12.0
933,3.0,1.0,4.0,1.0,16.0,21.0,34.0,71.0
934,0.0,0.0,0.0,0.0,0.0,1.0,1.0,2.0
935,1.0,0.0,1.0,0.0,0.0,2.0,1.0,3.0
936,0.0,16.0,0.0,0.0,1.0,1.0,1.0,3.0
937,-3.0,-33.0,0.0,3.0,20.0,16.0,35.0,71.0
938,0.0,-11.0,0.0,0.0,1.0,2.0,4.0,7.0
939,0.0,-30.0,0.0,0.0,4.0,1.0,12.0,17.0
940,-1.0,0.0,0.0,1.0,1.0,1.0,1.0,3.0
941,-1.0,4.0,1.0,2.0,21.0,21.0,29.0,71.0
942,0.0,0.0,0.0,0.0,0.0,0.0,1.0,1.0
943,0.0,-9.0,1.0,1.0,8.0,25.0,38.0,71.0
944,0.0,23.0,2.0,2.0,15.0,11.0,45.0,71.0
945,0.0,0.0,0.0,0.0,0.0,0.0,2.0,2.0
946,2.0,-16.0,2.0,0.0,16.0,16.0,39.0,71.0
947,1.0,-10.0,1.0,0.0,1.0,4.0,6.0,11.0
948,0.0,-30.0,0.0,0.0,11.0,7.0,19.0,37.0
949,1.0,8.0,1.0,0.0,3.0,3.0,2.0,8.0
950,0.0,26.0,1.0,1.0,10.0,5.0,15.0,30.0
951,-1.0,0.0,0.0,1.0,4.0,3.0,10.0,17.0
952,0.0,-26.0,0.0,0.0,5.0,7.0,20.0,32.0
953,-1.0,62.0,0.0,1.0,2.0,1.0,3.0,6.0
954,-1.0,22.0,0.0,1.0,3.0,3.0,6.0,12.0
955,1.0,-79.0,1.0,0.0,4.0,2.0,4.0,10.0
956,1.0,-35.0,1.0,0.0,2.0,1.0,5.0,8.0
957,0.0,0.0,0.0,0.0,0.0,0.0,1.0,1.0
958,0.0,0.0,0.0,0.0,0.0,0.0,1.0,1.0
959,-1.0,-21.0,0.0,1.0,4.0,2.0,10.0,16.0
960,2.0,-21.0,2.0,0.0,24.0,15.0,32.0,71.0
961,2.0,56.0,3.0,1.0,20.0,14.0,37.0,71.0
962,1.0,25.0,1.0,0.0,4.0,2.0,3.0,9.0
963,-1.0,19.0,0.0,1.0,1.0,4.0,7.0,12.0
964,-2.0,-75.0,1.0,3.0,4.0,3.0,3.0,10.0
965,1.0,164.0,3.0,2.0,8.0,11.0,13.0,32.0
966,1.0,-32.0,1.0,0.0,7.0,11.0,15.0,33.0
967,0.0,-24.0,0.0,0.0,1.0,0.0,2.0,3.0
968,0.0,0.0,0.0,0.0,0.0,0.0,1.0,1.0
969,2.0,22.0,4.0,2.0,18.0,20.0,33.0,71.0
970,-1.0,-29.0,1.0,2.0,20.0,15.0,36.0,71.0
971,0.0,-20.0,1.0,1.0,3.0,1.0,8.0,12.0
972,1.0,57.0,1.0,0.0,21.0,13.0,37.0,71.0
973,0.0,-33.0,1.0,1.0,3.0,1.0,6.0,10.0
974,1.0,-26.0,2.0,1.0,6.0,2.0,8.0,16.0
975,0.0,13.0,0.0,0.0,1.0,1.0,5.0,7.0
976,0.0,0.0,0.0,0.0,0.0,0.0,3.0,3.0
977,0.0,49.0,0.0,0.0,15.0,8.0,29.0,52.0
978,-1.0,11.0,0.0,1.0,1.0,2.0,1.0,4.0
979,1.0,28.0,1.0,0.0,4.0,4.0,9.0,17.0
980,1.0,-14.0,1.0,0.0,9.0,13.0,16.0,38.0
981,2.0,-12.0,3.0,1.0,3.0,9.0,9.0,21.0
982,1.0,-79.0,1.0,0.0,20.0,18.0,27.0,65.0
983,2.0,-8.0,3.0,1.0,14.0,10.0,18.0,42.0
984,-1.0,0.0,0.0,1.0,1.0,0.0,0.0,1.0
985,0.0,0.0,0.0,0.0,0.0,0.0,1.0,1.0
986,-2.0,-2.0,0.0,2.0,16.0,19.0,36.0,71.0
987,1.0,179.0,3.0,2.0,14.0,12.0,16.0,42.0
988,-1.0,0.0,0.0,1.0,0.0,4.0,6.0,10.0
989,0.0,6.0,1.0,1.0,4.0,3.0,9.0,16.0
990,2.0,-16.0,2.0,0.0,4.0,6.0,8.0,18.0
991,-1.0,-23.0,0.0,1.0,5.0,2.0,2.0,9.0
992,1.0,-22.0,1.0,0.0,2.0,6.0,16.0,24.0
993,0.0,21.0,1.0,1.0,6.0,7.0,11.0,24.0
994,-1.0,0.0,0.0,1.0,1.0,0.0,0.0,1.0
995,-1.0,-22.0,1.0,2.0,16.0,17.0,38.0,71.0
996,0.0,0.0,1.0,1.0,0.0,2.0,5.0,7.0
997,-1.0,-67.0,0.0,1.0,2.0,4.0,6.0,12.0
998,-1.0,-7.0,1.0,2.0,8.0,9.0,22.0,39.0
999,0.0,-27.0,0.0,0.0,6.0,2.0,8.0,16.0
1000,0.0,6.0,0.0,0.0,1.0,2.0,10.0,13.0
1001,2.0,-15.0,2.0,0.0,3.0,5.0,6.0,14.0
1002,-1.0,0.0,0.0,1.0,1.0,0.0,3.0,4.0
1003,-2.0,92.0,0.0,2.0,8.0,18.0,24.0,50.0
1004,-1.0,0.0,0.0,1.0,1.0,0.0,2.0,3.0
1005,-1.0,10.0,1.0,2.0,6.0,10.0,24.0,40.0
1006,5.0,29.0,6.0,1.0,10.0,8.0,12.0,30.0
1007,0.0,29.0,0.0,0.0,3.0,3.0,5.0,11.0
1008,0.0,15.0,1.0,1.0,6.0,1.0,9.0,16.0
1009,0.0,10.0,1.0,1.0,5.0,6.0,9.0,20.0
1010,-1.0,0.0,0.0,1.0,0.0,1.0,3.0,4.0
1011,1.0,30.0,1.0,0.0,5.0,2.0,12.0,19.0
1012,2.0,358.0,4.0,2.0,13.0,7.0,33.0,53.0
1013,1.0,13.0,2.0,1.0,18.0,20.0,32.0,70.0
1014,0.0,-19.0,0.0,0.0,3.0,5.0,21.0,29.0
1015,0.0,-114.0,1.0,1.0,7.0,1.0,3.0,11.0
1016,-1.0,6.0,0.0,1.0,1.0,2.0,0.0,3.0
1017,0.0,-24.0,0.0,0.0,2.0,0.0,6.0,8.0
1018,2.0,-14.0,2.0,0.0,2.0,2.0,4.0,8.0
1019,1.0,-30.0,1.0,0.0,11.0,8.0,16.0,35.0
1020,0.0,2.0,0.0,0.0,3.0,1.0,4.0,8.0
1021,-1.0,0.0,0.0,1.0,1.0,0.0,0.0,1.0
1022,0.0,34.0,0.0,0.0,1.0,2.0,9.0,12.0
1023,-1.0,-14.0,0.0,1.0,3.0,3.0,17.0,23.0
1024,2.0,31.0,3.0,1.0,12.0,6.0,10.0,28.0
1025,0.0,0.0,1.0,1.0,13.0,23.0,35.0,71.0
1026,2.0,-3.0,2.0,0.0,18.0,17.0,36.0,71.0
1027,1.0,-20.0,1.0,0.0,4.0,6.0,8.0,18.0
1028,-1.0,-12.0,1.0,2.0,11.0,8.0,17.0,36.0
1029,0.0,23.0,1.0,1.0,4.0,0.0,2.0,6.0
1030,-1.0,0.0,0.0,1.0,0.0,2.0,2.0,4.0
1031,1.0,-11.0,2.0,1.0,16.0,12.0,18.0,46.0
1032,-1.0,49.0,2.0,3.0,21.0,23.0,27.0,71.0
1033,0.0,-70.0,2.0,2.0,6.0,7.0,10.0,23.0
1034,1.0,0.0,1.0,0.0,0.0,1.0,0.0,1.0
1035,1.0,24.0,1.0,0.0,2.0,0.0,0.0,2.0
1036,0.0,10.0,1.0,1.0,4.0,5.0,15.0,24.0
1037,0.0,-22.0,0.0,0.0,18.0,17.0,22.0,57.0
1038,2.0,22.0,2.0,0.0,16.0,15.0,40.0,71.0
1039,-2.0,-15.0,0.0,2.0,5.0,2.0,7.0,14.0
1040,-3.0,68.0,3.0,6.0,18.0,20.0,33.0,71.0
1041,-1.0,20.0,1.0,2.0,6.0,6.0,10.0,22.0
1042,0.0,5.0,0.0,0.0,1.0,0.0,1.0,2.0
1043,0.0,0.0,0.0,0.0,0.0,0.0,2.0,2.0
1044,1.0,-31.0,1.0,0.0,8.0,5.0,11.0,24.0
1045,0.0,9.0,0.0,0.0,4.0,1.0,5.0,10.0
1046,1.0,-9.0,1.0,0.0,1.0,1.0,6.0,8.0
1047,0.0,0.0,0.0,0.0,0.0,2.0,7.0,9.0
1048,0.0,0.0,0.0,0.0,0.0,1.0,3.0,4.0
1049,-2.0,0.0,0.0,2.0,1.0,1.0,2.0,4.0
1050,2.0,-45.0,2.0,0.0,2.0,3.0,8.0,13.0
1051,-1.0,0.0,0.0,1.0,0.0,1.0,2.0,3.0
1052,1.0,-15.0,1.0,0.0,14.0,25.0,32.0,71.0
1053,0.0,33.0,0.0,0.0,10.0,9.0,14.0,33.0
1054,1.0,7.0,1.0,0.0,12.0,19.0,28.0,59.0
1055,0.0,0.0,0.0,0.0,0.0,0.0,1.0,1.0
1056,-1.0,0.0,0.0,1.0,10.0,4.0,21.0,35.0
1057,0.0,-18.0,0.0,0.0,4.0,5.0,21.0,30.0
1058,0.0,-4.0,1.0,1.0,4.0,3.0,10.0,17.0
1059,1.0,3.0,2.0,1.0,15.0,17.0,30.0,62.0
1060,1.0,0.0,1.0,0.0,0.0,1.0,3.0,4.0
1061,-1.0,6.0,0.0,1.0,1.0,1.0,2.0,4.0
1062,1.0,132.0,1.0,0.0,20.0,7.0,40.0,67.0
1063,-1.0,0.0,0.0,1.0,0.0,1.0,0.0,1.0
1064,-1.0,0.0,0.0,1.0,0.0,3.0,4.0,7.0
1065,1.0,-8.0,1.0,0.0,3.0,2.0,13.0,18.0
1066,0.0,0.0,0.0,0.0,0.0,0.0,1.0,1.0
1067,1.0,-14.0,2.0,1.0,3.0,6.0,15.0,24.0
1068,0.0,-24.0,0.0,0.0,3.0,0.0,2.0,5.0
1069,0.0,0.0,0.0,0.0,0.0,0.0,1.0,1.0
1070,1.0,0.0,1.0,0.0,0.0,1.0,2.0,3.0
1071,-1.0,-9.0,0.0,1.0,2.0,1.0,2.0,5.0
1072,-1.0,19.0,0.0,1.0,1.0,1.0,1.0,3.0
1073,1.0,-28.0,1.0,0.0,1.0,2.0,8.0,11.0
1074,1.0,15.0,1.0,0.0,3.0,0.0,2.0,5.0
1075,1.0,0.0,1.0,0.0,0.0,1.0,0.0,1.0
1076,0.0,0.0,0.0,0.0,0.0,0.0,1.0,1.0
1077,0.0,-17.0,1.0,1.0,12.0,22.0,37.0,71.0
1078,0.0,22.0,0.0,0.0,7.0,6.0,20.0,33.0
1079,1.0,-7.0,2.0,1.0,15.0,15.0,36.0,66.0
1080,1.0,0.0,1.0,0.0,0.0,1.0,0.0,1.0
1081,-1.0,40.0,0.0,1.0,2.0,5.0,2.0,9.0
1082,0.0,91.0,0.0,0.0,19.0,9.0,43.0,71.0
1083,0.0,0.0,0.0,0.0,0.0,0.0,1.0,1.0
1084,-1.0,-29.0,0.0,1.0,9.0,5.0,12.0,26.0
1085,1.0,-12.0,1.0,0.0,2.0,5.0,10.0,17.0
1086,1.0,0.0,1.0,0.0,0.0,1.0,0.0,1.0
1087,0.0,25.0,3.0,3.0,19.0,16.0,36.0,71.0
1088,1.0,42.0,1.0,0.0,2.0,2.0,7.0,11.0
1089,0.0,0.0,1.0,1.0,0.0,2.0,0.0,2.0
1090,-3.0,84.0,0.0,3.0,18.0,20.0,33.0,71.0
1091,0.0,0.0,1.0,1.0,0.0,2.0,2.0,4.0
1092,1.0,0.0,1.0,0.0,1.0,0.0,0.0,1.0
1093,1.0,61.0,1.0,0.0,3.0,2.0,6.0,11.0
1094,3.0,22.0,3.0,0.0,13.0,30.0,27.0,70.0
1095,1.0,6.0,3.0,2.0,16.0,22.0,33.0,71.0
1096,1.0,-7.0,1.0,0.0,5.0,2.0,7.0,14.0
1097,-2.0,26.0,1.0,3.0,14.0,25.0,28.0,67.0
1098,0.0,0.0,0.0,0.0,0.0,1.0,5.0,6.0
1099,0.0,-35.0,0.0,0.0,1.0,2.0,5.0,8.0
1100,-1.0,0.0,0.0,1.0,1.0,0.0,1.0,2.0
1101,-3.0,30.0,0.0,3.0,5.0,8.0,16.0,29.0
1102,1.0,16.0,1.0,0.0,9.0,3.0,13.0,25.0
1103,-1.0,-24.0,0.0,1.0,2.0,1.0,5.0,8.0
1104,0.0,16.0,0.0,0.0,1.0,2.0,2.0,5.0
1105,1.0,0.0,1.0,0.0,1.0,0.0,0.0,1.0
1106,1.0,9.0,1.0,0.0,2.0,0.0,2.0,4.0
1107,0.0,-29.0,0.0,0.0,5.0,2.0,13.0,20.0
1108,-2.0,0.0,0.0,2.0,1.0,1.0,0.0,2.0
1109,0.0,-20.0,2.0,2.0,20.0,12.0,39.0,71.0
1110,-1.0,23.0,0.0,1.0,1.0,1.0,2.0,4.0
1111,-1.0,0.0,0.0,1.0,1.0,1.0,3.0,5.0
1112,0.0,-7.0,1.0,1.0,21.0,19.0,29.0,69.0
1113,-1.0,-43.0,1.0,2.0,6.0,10.0,5.0,21.0
1114,-1.0,0.0,0.0,1.0,0.0,3.0,5.0,8.0
1115,-1.0,0.0,0.0,1.0,1.0,0.0,0.0,1.0
1116,1.0,-16.0,1.0,0.0,1.0,1.0,4.0,6.0
1117,0.0,-33.0,0.0,0.0,4.0,4.0,9.0,17.0
1118,0.0,0.0,0.0,0.0,0.0,1.0,2.0,3.0
1119,-1.0,-4.0,1.0,2.0,4.0,6.0,6.0,16.0
1120,0.0,0.0,0.0,0.0,0.0,0.0,3.0,3.0
1121,2.0,7.0,2.0,0.0,2.0,3.0,3.0,8.0
1122,-2.0,12.0,1.0,3.0,5.0,9.0,7.0,21.0
1123,0.0,0.0,0.0,0.0,0.0,1.0,1.0,2.0
1124,-1.0,0.0,0.0,1.0,0.0,1.0,0.0,1.0
1125,1.0,0.0,1.0,0.0,1.0,0.0,0.0,1.0
1126,1.0,64.0,1.0,0.0,2.0,2.0,2.0,6.0
1127,1.0,42.0,2.0,1.0,14.0,17.0,40.0,71.0
1128,-1.0,-26.0,0.0,1.0,4.0,1.0,11.0,16.0
1129,1.0,0.0,1.0,0.0,0.0,1.0,0.0,1.0
1130,-3.0,25.0,1.0,4.0,3.0,7.0,11.0,21.0
1131,0.0,0.0,0.0,0.0,0.0,0.0,1.0,1.0
1132,0.0,-17.0,0.0,0.0,1.0,3.0,2.0,6.0
1133,0.0,6.0,0.0,0.0,1.0,0.0,1.0,2.0
1134,-1.0,-31.0,1.0,2.0,15.0,17.0,39.0,71.0
1135,1.0,0.0,1.0,0.0,0.0,3.0,1.0,4.0
1136,-1.0,30.0,2.0,3.0,19.0,21.0,31.0,71.0
1137,0.0,21.0,0.0,0.0,2.0,4.0,9.0,15.0
1138,1.0,0.0,1.0,0.0,1.0,1.0,0.0,2.0
1139,-1.0,-7.0,0.0,1.0,1.0,2.0,5.0,8.0
1140,0.0,0.0,0.0,0.0,0.0,1.0,4.0,5.0
1141,0.0,11.0,1.0,1.0,8.0,8.0,13.0,29.0
1142,1.0,-5.0,1.0,0.0,1.0,2.0,0.0,3.0
1143,2.0,-10.0,2.0,0.0,14.0,18.0,29.0,61.0
1144,0.0,-7.0,1.0,1.0,17.0,10.0,32.0,59.0
1145,0.0,60.0,1.0,1.0,9.0,6.0,13.0,28.0
1146,1.0,25.0,1.0,0.0,2.0,0.0,4.0,6.0
1147,-1.0,20.0,0.0,1.0,2.0,2.0,6.0,10.0
1148,0.0,0.0,0.0,0.0,0.0,0.0,1.0,1.0
1149,0.0,26.0,2.0,2.0,7.0,3.0,9.0,19.0
1150,1.0,13.0,1.0,0.0,6.0,6.0,15.0,27.0
1151,1.0,-13.0,2.0,1.0,4.0,3.0,7.0,14.0
1152,0.0,0.0,0.0,0.0,0.0,4.0,13.0,17.0
1153,1.0,53.0,1.0,0.0,2.0,0.0,1.0,3.0
1154,0.0,-27.0,0.0,0.0,1.0,1.0,4.0,6.0
1155,-1.0,0.0,0.0,1.0,1.0,1.0,2.0,4.0
1156,2.0,72.0,3.0,1.0,11.0,6.0,21.0,38.0
1157,1.0,-1.0,2.0,1.0,13.0,19.0,39.0,71.0
1158,3.0,43.0,3.0,0.0,6.0,3.0,4.0,13.0
1159,0.0,20.0,0.0,0.0,3.0,3.0,11.0,17.0
1160,-1.0,0.0,0.0,1.0,0.0,1.0,0.0,1.0
1161,-1.0,28.0,0.0,1.0,2.0,1.0,4.0,7.0
1162,-1.0,-26.0,0.0,1.0,4.0,3.0,7.0,14.0
1163,0.0,0.0,0.0,0.0,0.0,0.0,3.0,3.0
1164,-1.0,0.0,0.0,1.0,0.0,1.0,0.0,1.0
1165,1.0,0.0,1.0,0.0,0.0,3.0,1.0,4.0
1166,0.0,0.0,0.0,0.0,0.0,0.0,2.0,2.0
1167,-1.0,-11.0,0.0,1.0,4.0,6.0,9.0,19.0
1168,1.0,-19.0,1.0,0.0,6.0,5.0,12.0,23.0
1169,0.0,-25.0,0.0,0.0,1.0,0.0,2.0,3.0
1170,1.0,-23.0,1.0,0.0,10.0,15.0,24.0,49.0
1171,0.0,-15.0,1.0,1.0,1.0,6.0,3.0,10.0
1172,0.0,-14.0,1.0,1.0,19.0,12.0,40.0,71.0
1173,0.0,0.0,0.0,0.0,0.0,1.0,5.0,6.0
1174,2.0,0.0,2.0,0.0,0.0,2.0,4.0,6.0
1175,0.0,-45.0,0.0,0.0,1.0,0.0,3.0,4.0
1176,0.0,0.0,0.0,0.0,0.0,3.0,7.0,10.0
1177,-1.0,0.0,0.0,1.0,1.0,0.0,3.0,4.0
1178,0.0,6.0,1.0,1.0,4.0,7.0,17.0,28.0
1179,1.0,0.0,1.0,0.0,1.0,0.0,0.0,1.0
1180,-1.0,0.0,0.0,1.0,1.0,0.0,0.0,1.0
1181,1.0,28.0,1.0,0.0,10.0,7.0,8.0,25.0
1182,-1.0,22.0,0.0,1.0,12.0,15.0,25.0,52.0
1183,2.0,-24.0,2.0,0.0,8.0,4.0,17.0,29.0
1184,-1.0,0.0,0.0,1.0,1.0,3.0,6.0,10.0
1185,1.0,26.0,3.0,2.0,14.0,22.0,35.0,71.0
1186,2.0,75.0,2.0,0.0,2.0,0.0,0.0,2.0
1187,-3.0,10.0,1.0,4.0,15.0,19.0,37.0,71.0
1188,2.0,7.0,2.0,0.0,4.0,4.0,17.0,25.0
1189,1.0,0.0,1.0,0.0,0.0,4.0,7.0,11.0
1190,-2.0,-98.0,0.0,2.0,12.0,2.0,9.0,23.0
1191,0.0,0.0,0.0,0.0,0.0,0.0,1.0,1.0
1192,1.0,6.0,1.0,0.0,2.0,2.0,1.0,5.0
1193,1.0,28.0,1.0,0.0,5.0,0.0,4.0,9.0
1194,0.0,0.0,0.0,0.0,0.0,0.0,1.0,1.0
1195,1.0,-14.0,1.0,0.0,16.0,14.0,33.0,63.0
1196,1.0,-19.0,1.0,0.0,1.0,2.0,0.0,3.0
1197,1.0,-10.0,1.0,0.0,7.0,6.0,10.0,23.0
1198,0.0,0.0,0.0,0.0,0.0,0.0,2.0,2.0
1199,-1.0,0.0,0.0,1.0,0.0,2.0,1.0,3.0
1200,1.0,36.0,1.0,0.0,2.0,3.0,3.0,8.0
1201,1.0,-9.0,1.0,0.0,1.0,4.0,7.0,12.0
1202,2.0,29.0,2.0,0.0,19.0,13.0,31.0,63.0
1203,-2.0,-41.0,2.0,4.0,15.0,7.0,20.0,42.0
1204,0.0,0.0,0.0,0.0,0.0,1.0,3.0,4.0
1205,0.0,0.0,0.0,0.0,0.0,0.0,3.0,3.0
1206,0.0,-34.0,1.0,1.0,14.0,11.0,23.0,48.0
1207,-1.0,19.0,0.0,1.0,11.0,14.0,27.0,52.0
1208,1.0,17.0,2.0,1.0,5.0,4.0,16.0,25.0
1209,1.0,0.0,1.0,0.0,1.0,0.0,1.0,2.0
1210,0.0,0.0,0.0,0.0,0.0,0.0,2.0,2.0
1211,-1.0,54.0,0.0,1.0,3.0,5.0,9.0,17.0
1212,-2.0,-40.0,0.0,2.0,3.0,1.0,0.0,4.0
1213,0.0,0.0,0.0,0.0,0.0,0.0,2.0,2.0
1214,0.0,31.0,0.0,0.0,8.0,6.0,20.0,34.0
1215,2.0,0.0,2.0,0.0,1.0,1.0,0.0,2.0
1216,0.0,0.0,0.0,0.0,0.0,0.0,1.0,1.0
1217,0.0,0.0,0.0,0.0,0.0,0.0,1.0,1.0
1218,1.0,0.0,1.0,0.0,1.0,0.0,1.0,2.0
1219,0.0,27.0,1.0,1.0,2.0,1.0,10.0,13.0
1220,0.0,19.0,1.0,1.0,3.0,5.0,11.0,19.0
1221,0.0,-9.0,1.0,1.0,7.0,2.0,5.0,14.0
1222,1.0,-35.0,2.0,1.0,2.0,5.0,9.0,16.0
1223,-1.0,10.0,0.0,1.0,1.0,3.0,3.0,7.0
1224,-3.0,-16.0,0.0,3.0,11.0,15.0,32.0,58.0
1225,-1.0,-101.0,1.0,2.0,3.0,2.0,7.0,12.0
1226,-1.0,15.0,0.0,1.0,5.0,7.0,11.0,23.0
1227,1.0,0.0,1.0,0.0,1.0,2.0,5.0,8.0
1228,0.0,0.0,0.0,0.0,0.0,0.0,1.0,1.0
1229,1.0,-21.0,1.0,0.0,2.0,2.0,9.0,13.0
1230,1.0,-7.0,1.0,0.0,7.0,5.0,12.0,24.0
1231,0.0,50.0,0.0,0.0,2.0,1.0,7.0,10.0
1232,-4.0,106.0,2.0,6.0,17.0,22.0,32.0,71.0
1233,-1.0,0.0,0.0,1.0,0.0,2.0,5.0,7.0
1234,1.0,332.0,2.0,1.0,28.0,11.0,30.0,69.0
1235,1.0,11.0,1.0,0.0,22.0,14.0,35.0,71.0
1236,0.0,30.0,1.0,1.0,7.0,12.0,32.0,51.0
1237,-1.0,-29.0,1.0,2.0,5.0,7.0,8.0,20.0
1238,1.0,0.0,1.0,0.0,0.0,1.0,2.0,3.0
1239,0.0,17.0,1.0,1.0,5.0,8.0,14.0,27.0
1240,-2.0,-50.0,0.0,2.0,2.0,1.0,6.0,9.0
1241,1.0,0.0,1.0,0.0,0.0,1.0,0.0,1.0
1242,-1.0,-2.0,0.0,1.0,1.0,4.0,4.0,9.0
1243,1.0,39.0,2.0,1.0,8.0,7.0,15.0,30.0
1244,-4.0,-16.0,0.0,4.0,13.0,8.0,27.0,48.0
1245,0.0,-23.0,0.0,0.0,15.0,18.0,29.0,62.0
1246,0.0,26.0,0.0,0.0,1.0,0.0,5.0,6.0
1247,0.0,24.0,1.0,1.0,18.0,17.0,36.0,71.0
1248,-1.0,0.0,0.0,1.0,1.0,3.0,6.0,10.0
1249,0.0,0.0,1.0,1.0,1.0,1.0,3.0,5.0
1250,1.0,15.0,1.0,0.0,14.0,17.0,40.0,71.0
1251,1.0,5.0,1.0,0.0,6.0,3.0,6.0,15.0
1252,2.0,-41.0,2.0,0.0,6.0,3.0,5.0,14.0
1253,0.0,-38.0,1.0,1.0,2.0,1.0,1.0,4.0
1254,-2.0,-20.0,0.0,2.0,9.0,15.0,22.0,46.0
1255,0.0,0.0,0.0,0.0,0.0,0.0,1.0,1.0
1256,0.0,0.0,0.0,0.0,0.0,0.0,1.0,1.0
1257,-2.0,-56.0,0.0,2.0,5.0,2.0,8.0,15.0
1258,1.0,19.0,2.0,1.0,4.0,9.0,20.0,33.0
1259,0.0,22.0,0.0,0.0,3.0,2.0,2.0,7.0
1260,0.0,-17.0,0.0,0.0,1.0,2.0,8.0,11.0
1261,-2.0,18.0,0.0,2.0,2.0,8.0,9.0,19.0
1262,1.0,-19.0,1.0,0.0,2.0,3.0,6.0,11.0
1263,0.0,-12.0,0.0,0.0,19.0,12.0,40.0,71.0
1264,-1.0,-23.0,0.0,1.0,2.0,0.0,1.0,3.0
1265,1.0,0.0,1.0,0.0,1.0,0.0,0.0,1.0
1266,2.0,-21.0,3.0,1.0,9.0,8.0,15.0,32.0
1267,0.0,-10.0,1.0,1.0,1.0,1.0,1.0,3.0
1268,0.0,4.0,1.0,1.0,6.0,5.0,6.0,17.0
1269,-1.0,-75.0,1.0,2.0,17.0,15.0,43.0,75.0
1270,2.0,46.0,2.0,0.0,6.0,5.0,21.0,32.0
1271,-3.0,-50.0,0.0,3.0,4.0,2.0,2.0,8.0
1272,-1.0,-52.0,1.0,2.0,12.0,18.0,41.0,71.0
1273,0.0,0.0,0.0,0.0,0.0,2.0,6.0,8.0
1274,0.0,0.0,0.0,0.0,0.0,0.0,1.0,1.0
1275,0.0,0.0,0.0,0.0,0.0,0.0,1.0,1.0
1276,0.0,0.0,0.0,0.0,0.0,4.0,8.0,12.0
1277,1.0,102.0,1.0,0.0,23.0,11.0,37.0,71.0
1278,2.0,-7.0,2.0,0.0,8.0,11.0,20.0,39.0
1279,1.0,38.0,1.0,0.0,6.0,4.0,12.0,22.0
1280,-2.0,21.0,0.0,2.0,7.0,5.0,11.0,23.0
1281,-1.0,0.0,0.0,1.0,0.0,3.0,0.0,3.0
1282,0.0,19.0,0.0,0.0,1.0,0.0,1.0,2.0
1283,-1.0,-28.0,0.0,1.0,2.0,1.0,6.0,9.0
1284,-3.0,-30.0,2.0,5.0,23.0,16.0,32.0,71.0
1285,1.0,12.0,1.0,0.0,3.0,2.0,2.0,7.0
1286,-1.0,14.0,0.0,1.0,4.0,7.0,7.0,18.0
1287,1.0,0.0,1.0,0.0,1.0,0.0,0.0,1.0
1288,1.0,-22.0,2.0,1.0,6.0,8.0,17.0,31.0
1289,2.0,0.0,2.0,0.0,1.0,2.0,3.0,6.0
1290,0.0,-21.0,1.0,1.0,1.0,1.0,0.0,2.0
1291,0.0,-24.0,0.0,0.0,1.0,0.0,3.0,4.0
1292,1.0,0.0,1.0,0.0,1.0,0.0,2.0,3.0
1293,0.0,0.0,0.0,0.0,0.0,0.0,2.0,2.0
1294,-1.0,23.0,0.0,1.0,6.0,9.0,21.0,36.0
1295,1.0,-27.0,1.0,0.0,22.0,14.0,34.0,70.0
1296,1.0,-14.0,1.0,0.0,1.0,1.0,6.0,8.0
1297,0.0,-18.0,0.0,0.0,5.0,5.0,5.0,15.0
1298,0.0,0.0,0.0,0.0,0.0,0.0,2.0,2.0
1299,0.0,-1.0,0.0,0.0,1.0,0.0,2.0,3.0
1300,1.0,0.0,1.0,0.0,0.0,1.0,2.0,3.0
1301,1.0,41.0,1.0,0.0,4.0,1.0,3.0,8.0
1302,-2.0,150.0,2.0,4.0,15.0,15.0,28.0,58.0
1303,3.0,161.0,3.0,0.0,21.0,11.0,39.0,71.0
1304,1.0,0.0,1.0,0.0,0.0,1.0,0.0,1.0
1305,2.0,-17.0,2.0,0.0,18.0,16.0,37.0,71.0
1306,-2.0,-29.0,0.0,2.0,18.0,13.0,27.0,58.0
1307,0.0,-21.0,0.0,0.0,6.0,3.0,6.0,15.0
1308,-1.0,-22.0,0.0,1.0,19.0,20.0,29.0,68.0
1309,-1.0,43.0,1.0,2.0,6.0,7.0,4.0,17.0
1310,-2.0,0.0,0.0,2.0,0.0,2.0,0.0,2.0
1311,-1.0,-47.0,0.0,1.0,9.0,3.0,3.0,15.0
1312,0.0,-23.0,1.0,1.0,3.0,1.0,3.0,7.0
1313,1.0,0.0,1.0,0.0,1.0,0.0,0.0,1.0
1314,1.0,0.0,1.0,0.0,1.0,4.0,1.0,6.0
1315,1.0,0.0,1.0,0.0,0.0,1.0,0.0,1.0
1316,0.0,0.0,0.0,0.0,0.0,0.0,1.0,1.0
1317,0.0,-27.0,0.0,0.0,1.0,1.0,6.0,8.0
1318,-1.0,0.0,0.0,1.0,0.0,2.0,6.0,8.0
1319,1.0,6.0,1.0,0.0,3.0,5.0,8.0,16.0
1320,-1.0,0.0,0.0,1.0,1.0,0.0,2.0,3.0
1321,0.0,0.0,0.0,0.0,0.0,2.0,3.0,5.0
1322,-2.0,41.0,1.0,3.0,5.0,4.0,18.0,27.0
1323,1.0,0.0,1.0,0.0,1.0,2.0,3.0,6.0
1324,1.0,0.0,1.0,0.0,0.0,1.0,1.0,2.0
1325,0.0,-15.0,0.0,0.0,1.0,0.0,3.0,4.0
1326,-2.0,-25.0,0.0,2.0,5.0,5.0,6.0,16.0
1327,1.0,0.0,1.0,0.0,1.0,1.0,1.0,3.0
1328,-1.0,-12.0,0.0,1.0,16.0,18.0,37.0,71.0
1329,1.0,0.0,1.0,0.0,1.0,0.0,1.0,2.0
1330,-1.0,29.0,0.0,1.0,15.0,18.0,29.0,62.0
1331,-1.0,0.0,0.0,1.0,0.0,1.0,1.0,2.0
1332,1.0,11.0,1.0,0.0,6.0,1.0,4.0,11.0
1333,-1.0,24.0,0.0,1.0,4.0,3.0,6.0,13.0
1334,2.0,1.0,3.0,1.0,9.0,5.0,14.0,28.0
1335,-1.0,0.0,0.0,1.0,1.0,0.0,0.0,1.0
1336,1.0,43.0,1.0,0.0,8.0,1.0,9.0,18.0
1337,-1.0,-21.0,0.0,1.0,2.0,0.0,1.0,3.0
1338,0.0,83.0,0.0,0.0,18.0,11.0,42.0,71.0
1339,0.0,0.0,0.0,0.0,0.0,1.0,5.0,6.0
1340,0.0,29.0,0.0,0.0,11.0,7.0,20.0,38.0
1341,1.0,-11.0,1.0,0.0,16.0,13.0,27.0,56.0
1342,-1.0,21.0,0.0,1.0,4.0,3.0,5.0,12.0
1343,-1.0,29.0,0.0,1.0,12.0,16.0,33.0,61.0
1344,-1.0,26.0,0.0,1.0,4.0,3.0,7.0,14.0
1345,0.0,0.0,0.0,0.0,0.0,0.0,1.0,1.0
1346,-1.0,55.0,0.0,1.0,22.0,16.0,33.0,71.0
1347,-1.0,60.0,0.0,1.0,3.0,0.0,2.0,5.0
1348,0.0,-24.0,0.0,0.0,1.0,4.0,2.0,7.0
1349,2.0,-19.0,2.0,0.0,17.0,11.0,16.0,44.0
1350,0.0,-40.0,0.0,0.0,1.0,0.0,3.0,4.0
1351,1.0,18.0,1.0,0.0,2.0,0.0,1.0,3.0
1352,-1.0,-15.0,1.0,2.0,11.0,15.0,23.0,49.0
1353,0.0,-13.0,0.0,0.0,13.0,17.0,41.0,71.0
1354,-1.0,-13.0,0.0,1.0,1.0,2.0,8.0,11.0
1355,0.0,17.0,1.0,1.0,2.0,0.0,4.0,6.0
1356,-1.0,-12.0,1.0,2.0,13.0,11.0,32.0,56.0
1357,1.0,0.0,1.0,0.0,1.0,3.0,6.0,10.0
1358,-2.0,30.0,0.0,2.0,3.0,3.0,5.0,11.0
1359,0.0,0.0,0.0,0.0,0.0,0.0,1.0,1.0
1360,1.0,13.0,2.0,1.0,9.0,6.0,5.0,20.0
1361,0.0,-36.0,0.0,0.0,15.0,8.0,35.0,58.0
1362,-1.0,-47.0,1.0,2.0,6.0,6.0,9.0,21.0
1363,-1.0,-7.0,0.0,1.0,9.0,5.0,15.0,29.0
1364,-1.0,9.0,1.0,2.0,16.0,18.0,20.0,54.0
1365,1.0,-37.0,1.0,0.0,19.0,19.0,31.0,69.0
1366,-1.0,-34.0,0.0,1.0,5.0,6.0,15.0,26.0
1367,0.0,29.0,1.0,1.0,17.0,20.0,14.0,51.0
1368,0.0,0.0,0.0,0.0,0.0,0.0,1.0,1.0
1369,1.0,-37.0,2.0,1.0,13.0,18.0,30.0,61.0
1370,1.0,22.0,2.0,1.0,2.0,4.0,8.0,14.0
1371,0.0,12.0,0.0,0.0,3.0,1.0,3.0,7.0
1372,-1.0,0.0,0.0,1.0,1.0,1.0,0.0,2.0
1373,0.0,0.0,0.0,0.0,0.0,0.0,1.0,1.0
1374,-1.0,8.0,0.0,1.0,11.0,12.0,20.0,43.0
1375,3.0,12.0,3.0,0.0,10.0,6.0,6.0,22.0
1376,-1.0,108.0,1.0,2.0,8.0,10.0,25.0,43.0
1377,1.0,-20.0,2.0,1.0,4.0,6.0,10.0,20.0
1378,0.0,0.0,0.0,0.0,0.0,0.0,2.0,2.0
1379,0.0,0.0,0.0,0.0,0.0,0.0,1.0,1.0
1380,-1.0,19.0,0.0,1.0,2.0,2.0,1.0,5.0
1381,0.0,-42.0,1.0,1.0,8.0,0.0,10.0,18.0
1382,-1.0,14.0,0.0,1.0,4.0,11.0,10.0,25.0
1383,-1.0,29.0,3.0,4.0,19.0,20.0,32.0,71.0
1384,0.0,-10.0,1.0,1.0,10.0,8.0,12.0,30.0
1385,-1.0,-15.0,0.0,1.0,13.0,17.0,33.0,63.0
1386,0.0,0.0,0.0,0.0,0.0,0.0,3.0,3.0
1387,1.0,3.0,1.0,0.0,4.0,4.0,16.0,24.0
1388,-1.0,0.0,0.0,1.0,0.0,2.0,1.0,3.0
1389,2.0,-5.0,2.0,0.0,17.0,13.0,41.0,71.0
1390,3.0,-31.0,3.0,0.0,14.0,19.0,22.0,55.0
1391,1.0,0.0,3.0,2.0,14.0,20.0,37.0,71.0
1392,-4.0,-14.0,0.0,4.0,23.0,17.0,31.0,71.0
1393,-1.0,23.0,2.0,3.0,7.0,6.0,12.0,25.0
1394,0.0,0.0,0.0,0.0,0.0,0.0,2.0,2.0
1395,-1.0,0.0,0.0,1.0,1.0,0.0,4.0,5.0
1396,0.0,-26.0,0.0,0.0,2.0,1.0,1.0,4.0
1397,1.0,-11.0,1.0,0.0,10.0,6.0,21.0,37.0
1398,0.0,28.0,1.0,1.0,22.0,21.0,28.0,71.0
1399,1.0,0.0,1.0,0.0,1.0,0.0,0.0,1.0
1400,1.0,0.0,1.0,0.0,1.0,1.0,1.0,3.0
1401,-1.0,-87.0,1.0,2.0,19.0,16.0,29.0,64.0
1402,1.0,-26.0,2.0,1.0,16.0,10.0,34.0,60.0
1403,-1.0,-24.0,0.0,1.0,1.0,0.0,2.0,3.0
1404,1.0,0.0,1.0,0.0,1.0,0.0,0.0,1.0
1405,1.0,54.0,1.0,0.0,3.0,1.0,8.0,12.0
1406,-2.0,0.0,0.0,2.0,1.0,4.0,7.0,12.0
1407,-1.0,199.0,1.0,2.0,21.0,10.0,40.0,71.0
1408,0.0,11.0,0.0,0.0,2.0,2.0,4.0,8.0
1409,1.0,18.0,1.0,0.0,9.0,3.0,24.0,36.0
1410,-1.0,33.0,0.0,1.0,12.0,6.0,17.0,35.0
1411,2.0,48.0,3.0,1.0,7.0,5.0,10.0,22.0
1412,0.0,0.0,0.0,0.0,0.0,0.0,3.0,3.0
1413,-1.0,22.0,1.0,2.0,20.0,19.0,32.0,71.0
1414,1.0,8.0,1.0,0.0,4.0,1.0,10.0,15.0
1415,0.0,0.0,0.0,0.0,0.0,0.0,1.0,1.0
1416,-1.0,25.0,0.0,1.0,13.0,15.0,28.0,56.0
1417,-1.0,0.0,0.0,1.0,0.0,1.0,1.0,2.0
1418,0.0,6.0,0.0,0.0,20.0,17.0,34.0,71.0
1419,0.0,6.0,0.0,0.0,1.0,1.0,1.0,3.0
1420,1.0,-39.0,1.0,0.0,11.0,9.0,11.0,31.0
1421,0.0,52.0,1.0,1.0,17.0,18.0,36.0,71.0
1422,-1.0,0.0,0.0,1.0,1.0,1.0,3.0,5.0
1423,1.0,9.0,1.0,0.0,5.0,7.0,13.0,25.0
